CITY,STATE
LEOMINSTER,MA
CAMBRIDGE,MA
ATTLEBORO,MA
LAWRENCE,MA
HYANNIS,MA
NORTHAMPTON,MA
GREENFIELD,MA
BOSTON,MA
SOUTHBRIDGE,MA
FALL RIVER,MA
HOLYOKE,MA
NEWBURYPORT,MA
PALMER,MA
BEVERLY,MA
SALEM,MA
PITTSFIELD,MA
MARLBOROUGH,MA
BROCKTON,MA
CLINTON,MA
PLYMOUTH,MA
WORCESTER,MA
LOWELL,MA
WESTFIELD,MA
MELROSE,MA
TAUNTON,MA
METHUEN,MA
NEEDHAM,MA
W CONCORD,MA
MILFORD,MA
GARDNER,MA
AYER,MA
SOUTH WEYMOUTH,MA
NEWTON,MA
WINCHESTER,MA
MILTON,MA
NORWOOD,MA
FALMOUTH,MA
BURLINGTON,MA
FRAMINGHAM,MA
NANTUCKET,MA
OAK BLUFFS,MA
GREAT BARRINGTON,MA
ATHOL,MA
Bedford,MA
Jamaica Plain,MA
Leeds,MA
Fitchburg,MA
Gloucester,MA
Haverhill,MA
Lynn,MA
New Bedford,MA
Quincy,MA
Fairhaven,MA
West Springfield,MA
MARLBORO,MA
BROOKLINE,MA
LAKEVILLE,MA
SAUGUS,MA
BELLINGHAM,MA
LUDLOW,MA
N ADAMS,MA
HOLLISTON,MA
STONEHAM,MA
CHESTNUT HILL,MA
SOMERSET,MA
BREWSTER,MA
COHASSET,MA
SOUTHBOROUGH,MA
IPSWICH,MA
MARION,MA
NORTH DARTMOUTH,MA
BELCHERTOWN,MA
ADAMS,MA
SALISBURY,MA
BILLERICA,MA
DEDHAM,MA
READING,MA
AUBURN,MA
LEICESTER,MA
REVERE,MA
DARTMOUTH,MA
CHELSEA,MA
SEEKONK,MA
WRENTHAM,MA
CHELMSFORD,MA
SHREWSBURY,MA
EASTON,MA
WILMINGTON,MA
WEST BRIDGEWATER,MA
ORLEANS,MA
WESTPORT,MA
MALDEN,MA
ACUSHNET,MA
EAST HARWICH,MA
WINTHROP,MA
SOMERVILLE,MA
PEABODY,MA
CHARLTEN,MA
FRANKLIN,MA
HOLBROOK,MA
NORTH READING,MA
TURNERS FALLS,MA
AMHERST,MA
WAREHAM,MA
LYNNFIELD,MA
ASHLAND,MA
SOUTHWICK,MA
WALPOLE,MA
NORTH ANDOVER,MA
WEST WAREHAM,MA
MEDFORD,MA
WHITINSVILLE,MA
WILBRAHAM,MA
S WEYMOUTH,MA
YARMOUTH PORT,MA
SHARON,MA
