cityname,statename
ABBEVILLE,NC
ABERDEEN,GA
ABERDEEN,TX
ABERDEEN,WI
ABILENE,OH
ABINGDON,IL
ABINGTON,KY
ABINGTON,MD
ACTON,IL
ACWORTH,MO
ADA,NC
ADDISON,CA
ADRIAN,HI
ADVANCE,NJ
AGUADA,TX
AHOSKIE,PA
AIEA,CA
AIKEN,WI
AKRON,NJ
ALABASTER,MS
ALAMEDA,VA
ALAMO,CA
ALAMOGORDO,SC
ALAMOSA,MI
ALBANY,AZ
ALBANY,LA
ALBANY,SC
ALBEMARLE,OH
ALBERTVILLE,MA
ALBERTVILLE,MA
ALBIA,MS
ALBION,MA
ALBION,MA
ALBUQUERQUE,CA
ALEXANDER CITY,CA
ALEXANDRIA,AR
ALEXANDRIA,PA
ALEXANDRIA,WV
ALEXANDRIA BAY,IA
ALGOMA,CA
ALGONA,NY
ALGONQUIN,NY
ALHAMBRA,GA
ALICE,CO
ALLEN,AR
ALLEN PARK,TX
ALLENSTOWN,ME
ALLENTOWN,ME
ALLIANCE,DE
ALLIANCE,MS
ALLISON PARK,AL
ALLSTON,TX
ALMA,FL
ALMA,MA
ALMA,MA
ALPENA,KS
ALTAMONTE SPRINGS,NY
ALTON,MI
ALTOONA,MS
ALTOONA,NY
ALTUS,TX
ALVIN,VT
AMAGANSETT,AL
AMARILLO,NY
AMERICAN FORK,WV
AMERICUS,VA
AMERY,TX
AMHERST,CO
AMHERST,NY
AMITYVILLE,NC
AMSTERDAM,MI
ANACONDA,OR
ANACORTES,OH
ANAHEIM,TX
ANAHEIM HILLS,WI
ANAHUAC,MA
ANAHUAC,MA
ANCHORAGE,WV
ANDALUSIA,NY
ANDERSON,MO
ANDERSON,NC
ANDERSON,UT
ANDES,AZ
ANDOVER,CA
ANDOVER,VA
ANDREWS,MO
ANKENY,WV
ANMOORE,TX
ANN ARBOR,NC
ANNANDALE,CA
ANNANDALE,MI
ANNAPOLIS,CA
ANNISTON,OH
ANSONIA,OH
ANTHEM,KS
ANTIOCH,AL
APACHE JUNCTION,OH
APALACHIN,IN
APEX,WI
APO,MI
APOPKA,PA
APPLE VALLEY,HI
APPLE VALLEY,ND
APPLETON,CO
ARBUTUS,NC
ARCADIA,FL
ARCADIA,FL
ARCADIA,MA
ARCADIA,MA
ARCATA,IL
ARCHDALE,SC
ARDEN,OH
ARDMORE,FL
ARDMORE,PA
ARECIBO,MD
ARKANSAS CITY,MA
ARKANSAS CITY,MA
ARLINGTON,CA
ARLINGTON,CO
ARLINGTON,NJ
ARLINGTON,NM
ARLINGTON HEIGHTS,GA
ARNOLD,MI
ARNOLD,OH
ARROYO,GA
ASBURY PARK,NJ
ASHEBORO,NY
ASHEVILLE,IL
ASHLAND,CA
ASHLAND,GA
ASHLAND,MO
ASHLAND,MO
ASPEN,OK
ASTORIA,AZ
ATASCADERO,FL
ATCHISON,KS
ATCO,MA
ATCO,MA
ATHENS,AZ
ATHENS,CA
ATHENS,MI
ATHENS,OK
ATKINS,FL
ATLANTA,CO
ATLANTA,OH
"ATLANTA,",TN
ATLANTIC CITY,NY
ATLANTIS,DE
ATMORE,MA
ATMORE,MA
ATOKA,IL
ATTLEBORO,WI
AUBURN,GA
AUBURN,GA
AUBURN,GA
AUBURN,MS
AUBURN,OH
AUDUBON,UT
AUGUSTA,AR
AUGUSTA,TX
AUMSVILLE,CA
AURORA,FL
AURORA,SC
AURORA,VA
AURORA,VA
AUSTELL,NC
AUSTIN,CA
AUSTIN,IA
AUXVASSE,MA
AUXVASSE,MA
AVENTURA,WA
AVOCA,NY
AVON,CA
AVON,CT
AVON,KS
AVON,WA
AVON LAKE,NV
AVON PARK,IN
AYNOR,CA
AZLE,TN
AZUSA,NH
BABYLON,NY
BAKER,NY
BAKERSFIELD,GA
BALA CYNWYD,NC
BALDWINVILLE,WI
BALLSTON LAKE,PA
BALLWIN,IL
BALTIMORE,MD
BAMBERG,FL
BANGOR,WV
BAR HARBOR,NJ
BARBERTON,NE
BARBOURVILLE,KY
BARDSTOWN,TX
BARNARDSVILLE,NY
BARNEGAT,FL
BARNESVILLE,FL
BARNEVELD,MI
BARNHART,PA
BARNWELL,MD
BARRE,CO
BARRE,TN
BARRINGTON,AR
BARRON,PA
BARSTOW,NY
BARTLESVILLE,MI
BARTLETT,NE
BARTLETT,TX
BARTONVILLE,CA
BARTOW,NJ
BASKING RIDGE,GA
BATAVIA,MI
BATAVIA,TX
BATESVILLE,MI
BATH,AL
BATH,AZ
BATON ROUGE,IN
BATSON,OH
BATTLE CREEK,VA
BAY CITY,MD
BAY CITY,NY
BAY MINETTE,CA
BAY SHORE,CT
BAY ST LOUIS,VA
BAYAMON,OH
BAYONET POINT,CA
BAYONNE,GA
BAYSIDE,NY
BAYSIDE,WI
BAYTOWN,CA
BAYVIEW,FL
BEACHWOOD,NY
BEARDEN,GA
BEAUFORT,NY
BEAUFORT,TX
BEAUMONT,AL
BEAVER,KY
BEAVER DAM,TX
BEAVER FALLS,FL
BEAVERCREEK,FL
BEAVERTON,CA
BECKLEY,MD
BEDFORD,GA
BEDFORD,MT
BEDFORD,TX
BEDFORD,WI
BEDMINSTER,SC
BEEBE,FL
BEECH GROVE,NM
BEECHER,NY
BEEVILLE,OH
BEL AIR,PA
BELCHERTOWN,OK
BELDING,OH
BELEN,MI
BELFAST,IN
BELGRADE,CA
BELL,MO
BELL GARDENS,IN
BELLA VISTA,NY
BELLAIRE,OR
BELLE VERNON,MI
BELLEFONTAINE,MA
BELLEFONTAINE,MA
BELLEFONTE,NC
BELLEVILLE,KS
BELLEVILLE,NJ
BELLEVILLE,OH
BELLEVUE,CA
BELLEVUE,CO
BELLEVUE,IL
BELLEVUE,NY
BELLFLOWER,WA
BELLINGHAM,NY
BELLMORE,CA
BELLOWS FALLS,WV
BELMONT,AZ
BELMONT,WA
BELOIT,FL
BELPRE,NY
BELTON,FL
BELVIDERE,AL
BELVIDERE,MA
BELVIDERE,MA
BEMIDJI,MI
BENBROOK,WA
BEND,SC
BENNETTSVILLE,NY
BENNINGTON,GA
BENSALEM,MI
BENSENVILLE,ID
BENSON,NY
BENTLEYVILLE,NC
BENTON,AL
BENTON,FL
BENTON,NY
BENTONVILLE,AL
BENZONIA,NJ
BEREA,WV
BERGENFIELD,VA
BERKELEY,PA
BERKELEY HEIGHTS,PA
BERKELEY SPRINGS,MI
BERKLEY,CO
BERLIN,FL
BERLIN,NJ
BERLIN,PA
BERLIN,WA
BERMUDA DUNES,IN
BERNALILLO,AZ
BERNVILLE,PA
BERRYVILLE,SC
BERTHOUD,GA
BERTRAND,MN
BERWYN,CA
BESSEMER CITY,NY
BETHANY,ME
BETHEL,MI
BETHEL PARK,MI
BETHESDA,DE
BETHLEHEM,TX
BETHPAGE,TN
BETNEL-PARK,MO
BETTENDORF,WI
BEVERLY,NY
BEVERLY HILLS,AZ
BEVERLY HILLS,FL
BIDDEFORD,MO
BIG SPRING,WI
BIG STONE GAP,PA
BILLINGS,CA
BILOXI,IL
BINGHAMTON,WV
BIRMINGHAM,TN
BIRMINGHAM,WI
BISCOE,FL
BISHOPVILLE,IA
BISMARCK,MN
BLACHLY,MN
BLACK RIVER FALLS,MD
BLACKFOOT,AR
BLACKLICK,ME
BLACKSBURG,NY
BLACKWELL,MA
BLACKWELL,MA
BLOOMER,IN
BLOOMFIELD,CA
BLOOMFIELD,HI
BLOOMFIELD,NY
BLOOMFIELD HILLS,VA
BLOOMINGDALE,MI
BLOOMINGTON,KY
BLOOMINGTON,NJ
BLOOMINGTON,NY
BLUE ASH,MO
BLUE ISLAND,TN
BLUE RIDGE,GA
BLUE SPRINGS,VA
BLUEFIELD,MO
BLUFFTON,MA
BLUFFTON,MA
BLUFFTON,ME
BOARDMAN,FL
BOARDMAN,FL
BOAZ,MN
BOCA RATON,MO
BOERNE,FL
BOGALUSA,FL
BOGATA,MI
BOHEMIA,CA
BOISE,LA
BOLINGBROOK,TX
BOLIVAR,KS
BOLTON,NY
BONHAM,TX
BONITA SPRINGS,PA
BONNEY LAKE,OH
BOONE,OH
BOONEVILLE,GA
BOONTON,VA
BOONVILLE,MI
BOOTHWYN,CT
BORREGO SPRINGS,OK
BOSSIER CITY,CA
BOSTON,NY
BOULDER,TN
BOULDER CREEK,MI
BOUNTIFUL,WA
BOURBON,WA
BOURBONNAIS,IL
BOURNE,MO
BOWIE,KY
BOWLING GREEN,LA
BOWLING GREEN,MI
BOWMAN,MO
BOYNTON BEACH,UT
BOYS TOWN,WI
BOZEMAN,CA
BRACKETTVILLE,CA
BRADENTON,NJ
BRADFORD,UT
BRADLEY,KS
BRAINTREE,FL
BRANDON,FL
BRANDON,IL
BRANDON,PA
BRANDON,TX
BRANFORD,MN
BRANSON,MN
BRATTLEBORO,AR
BRAWLEY,ID
BRAZIL,MI
BREAUX BRIDGE,CA
BRECKENRIDGE,LA
BREESE,OR
BREMEN,PA
BREMERTON,PR
BRENHAM,CA
BRENTWOOD,NC
BRENTWOOD,TX
BREVARD,NJ
BREWERTON,ID
BREWSTER,CO
BRICK,OH
BRIDGEPORT,AZ
BRIDGEPORT,CA
BRIDGEPORT,CA
BRIDGETON,CA
BRIDGETON,IA
BRIDGEVIEW,WA
BRIDGEVILLE,AK
BRIDGEWATER,OH
BRIDGTON,UT
BRIGHAM CITY,CA
BRIGHTON,MA
BRIGHTON,MA
BRIGHTON,ME
BRIGHTON,NJ
BRIGHTON,TX
BRISTOL,AL
BRISTOL,AZ
BRISTOL,CA
BROAD TOP,TX
BROADWAY,IN
BROCKTON,CA
BROCKWAY,FL
BROKEN ARROW,ME
BRONX,CA
BRONXVILLE,IL
BROOKFIELD,NC
BROOKFIELD,NM
BROOKFIELD,NY
BROOKHAVEN,MN
BROOKINGS,IL
BROOKLINE,IL
BROOKLYN,IA
BROOKLYN,MA
BROOKLYN,MA
BROOKLYN,OH
BROOKLYN CENTER,MA
BROOKLYN CENTER,MA
BROOKLYN PARK,IN
BROOKNEAL,MN
BROOKSVILLE,CA
BROOKVILLE,MI
BROOMFIELD,VA
BROWNSBURG,MS
BROWNSTOWN,WI
BROWNSTOWN TWP,WY
BROWNSVILLE,CT
BROWNSVILLE,IL
BROWNSVILLE,MI
BROWNWOOD,MA
BROWNWOOD,MA
BRUNSWICK,CT
BRUNSWICK,LA
BRUNSWICK,NH
BRUNSWICK,NY
BRYAN,IN
BRYAN,WI
BRYN MAWR,MO
BRYSON CITY,MT
BUCKHANNON,LA
BUCKSPORT,AR
BUENA PARK,WI
BUENA VISTA,GA
BUFFALO,ME
BUFFALO,MN
BUFFALO,MS
BUFFALO GROVE,IL
BULLHEAD CITY,OH
BULLS GAP,OH
BURBANK,IN
BURGAW,OH
BURIEN,LA
BURLINGAME,NY
BURLINGTON,CA
BURLINGTON,FL
BURLINGTON,FL
BURLINGTON,MO
BURLINGTON,SC
BURLINGTON,TN
BURLINGTON,TX
BURNS,TX
BURNSVILLE,MO
BURNSVILLE,TX
BURNT HILLS,MI
BURR RIDGE,NY
BURTON,OH
BUSHNELL,KY
BUTLER,OR
BUTTE,MD
BYRON,IA
BYRON,TX
BYRON CENTER,NM
CABOOL,NY
CABOT,MI
CADILLAC,MA
CADILLAC,MA
CADIZ,WI
CAGUAS,VA
CAIRO,PA
CALAIS,FL
CALDWELL,ND
CALDWELL,OH
CALEDONIA,AK
CALHOUN,VT
CALIFORNIA,MA
CALIFORNIA,MA
CALLAWAY,SD
CALUMET CITY,NY
CAMARILLO,LA
CAMBRIDGE,NM
CAMBRIDGE,OH
CAMBRIDGE,OH
CAMBRIDGE,OH
CAMDEN,MA
CAMDEN,MA
CAMDEN,MO
CAMDEN,NJ
CAMDEN,UT
CAMDEN ON GAULEY,AR
CAMDENTON,WA
CAMERON,NY
CAMERON PARK,PA
CAMILLUS,VA
CAMP HILL,WI
CAMP SPRINGS,NE
CAMP VERDE,TX
CAMPBELL,TN
CAMPBELLSVILLE,CA
CAMPTON,MI
CAMUY,PR
CANAAN,IN
CANAL FULTON,WI
CANAL WINCHESTER,NV
CANANDAIGUA,WI
CANDLER,WV
CANFIELD,KS
CANNELTON,OH
CANNON FALLS,KY
CANON CITY,MT
CANTON,CA
CANTON,CO
CANTON,NM
CANTON,NY
CANTON,NY
CANTON,OR
CANTON,WI
CANYON COUNTRY,SC
CANYON LAKE,IN
CAPE CORAL,TN
CAPE GIRARDEAU,MA
CAPE GIRARDEAU,MA
CAPE MAY COURT HOUSE,WI
CAPITOLA,MA
CAPITOLA,MA
CARBONDALE,MI
CARBONDALE,VA
CARDINGTON,TN
CARIBOU,OH
CARLINVILLE,MD
CARLISLE,MO
CARLISLE,VT
CARLSBAD,RI
CARLYLE,PA
CARMEL,PA
CARMEL,TX
CARMICHAEL,VA
CARNEGIE,CA
CARO,MI
CAROL STREAM,ME
CAROLINA,NM
CARRBORO,CA
CARROLL,PA
CARROLLTON,IN
CARROLLTON,MS
CARSON CITY,IN
CARTERET,TX
CARTERSVILLE,MD
CARTHAGE,IL
CARTHAGE,MO
CARTHAGE,PA
CARTHAGE,TX
CARUTHERS,WV
CARUTHERSVILLE,TX
CARY,MI
CASA GRANDE,IA
CASHIERS,OR
CASPER,NC
CASSELBERRY,PR
CASSOPOLIS,LA
CASTLE ROCK,AK
CASTLETON,WI
CASTRO VALLEY,FL
CATAWBA,NH
CATHEDRAL CITY,NJ
CATONSVILLE,LA
CAVE CREEK,WA
CAYEY,AL
CAZENOVIZ,FL
CEDAR CITY,ID
CEDAR FALLS,GA
CEDAR GROVE,UT
CEDAR HILL,NE
CEDAR PARK,IL
CEDAR RAPIDS,AL
CEDARBURG,NJ
CEDARHURST,SC
CELEBRATION,OK
CELINA,IA
CENTENNIAL,CA
CENTER,AZ
CENTERPORT,MN
CENTERTON,MA
CENTERTON,MA
CENTERVILLE,MI
CENTERVILLE,NJ
CENTRAL CITY,VI
CENTRALIA,CA
CERRITOS,NC
CHADDS FORD,OH
CHADRON,ID
CHALMETTE,CA
CHAMA,PA
CHAMBERLAIN,PA
CHAMBERSBURG,ND
CHAMPAIGN,MN
CHAMPLAIN,WI
CHAMPLIN,CA
CHANDLER,IL
CHANHASSEN,VT
CHANUTE,ME
CHAPEL HILL,NJ
CHAPPAQUA,CO
CHARDON,NC
CHARLESTON,CA
CHARLESTON,CO
CHARLESTON,IA
CHARLESTOWN,CA
CHARLOTTE,IN
CHARLOTTE,MD
CHARLOTTESVILLE,CA
CHARLTON,NY
CHARLTON,OR
CHATHAM,FL
CHATSWORTH,CA
CHATTANOOGA,ME
CHEEKTOWAGA,MI
CHELMSFORD,IL
CHELSEA,IA
CHELSEA,NJ
CHERITON,WV
CHEROKEE,CA
CHEROKEE,MA
CHEROKEE,MA
CHEROKEE VILLAGE,IA
CHERRY HILL,SC
CHERRYVALE,NH
CHERRYVILLE,WY
CHESAPEAKE,NE
CHESHIRE,NC
CHESTER,IA
CHESTER,NJ
CHESTER,NJ
CHESTERFIELD,CA
CHESTERFIELD,NY
CHESTERLAND,NY
CHESTERTON,CA
CHESTNUT HILL,WI
CHEVERLY,CA
CHEVY CHASE,IL
CHEYENNE,CT
CHICAGO,FL
CHICAGO HEIGHTS,TX
CHICKASHA,PR
CHICO,KY
CHICOPEE,OH
CHIEFLAND,TX
CHILLICOTHE,IN
CHILLICOTHE,MN
CHINLE,KS
CHINO,AK
CHINO VALLEY,NE
CHIPLEY,NC
CHIPPEWA FALLS,AL
CHIPPEWA FLS,SC
CHITTENANGO,WA
CHOCTAW,AZ
CHOWCHILLA,TN
CHRISTIANSBURG,PA
CHULA VISTA,CA
CHURCH POINT,NJ
CINCINNATI,CA
CINNAMINSON,AL
CISCO,AZ
CITY OF INDUSTRY,IL
CLACKAMAS,CA
CLAIRTON,AL
CLAREMONT,MA
CLAREMONT,MA
CLAREMONT,MA
CLAREMONT,MA
CLAREMORE,CA
CLARKSBURG,TN
CLARKSDALE,CA
CLARKSTON,NY
CLARKSTON,VA
CLARKSVILLE,MS
CLAWSON,TX
CLAY,MA
CLAY,MA
CLAY CITY,FL
CLAYTON,GA
CLAYTON,TN
CLAYTON,WV
CLEAR LAKE,MI
CLEARWATER,IL
CLEARWATER,NJ
CLEBURNE,TX
CLEMSON,MA
CLEMSON,MA
CLENDENIN,OH
CLERMONT,PA
CLEVELAND,IN
CLEVELAND,MN
CLEVELAND,MS
CLEVELAND,SC
CLEVELAND HEIGHTS,CO
CLEVLAND,FL
CLEWISTON,IL
CLIFFSIDE PARK,CA
CLIFTON,OK
CLIFTON,PA
CLIFTON PARK,TX
CLINCHCO,NC
CLINTON,CA
CLINTON,CA
CLINTON,IN
CLINTON,KS
CLINTON,ME
CLINTON,MO
CLINTON,ND
CLINTON,NY
CLINTON,OK
CLINTON,TX
CLINTON TOWNSHIP,OR
CLINTON TWP,KS
CLIVE,MO
CLOQUET,NY
CLOVIS,CO
CLOVIS,VI
CLYDE,MI
CLYDE,MS
COBLESKILL,PA
COCKEYSVILLE,CT
COCOA BEACH,TX
COCONUT CREEK,FL
CODY,TX
COEUR D ALENE,CA
COLBERT,FL
COLBY,VA
COLCHESTER,GA
COLD SPRING,NY
COLDWATER,MA
COLDWATER,MA
COLDWATER,NJ
COLLEGE PARK,ME
COLLEGE PARK,OH
COLLEGE STATION,FL
COLLEGEVILLE,GA
COLLEYVILLE,ID
COLLINGSWOOD,LA
COLONIAL HEIGHTS,WA
COLORADO SPRINGS,NY
COLTON,TX
COLUMBIA,CA
COLUMBIA,KS
COLUMBIA,MN
COLUMBIA,OH
COLUMBIANA,LA
COLUMBIANA,OH
COLUMBUS,FL
COLUMBUS,NY
COLUMBUS,NY
COLUMBUS,TX
COLUMBUS,UT
COLVILLE,IL
COMERIO,MA
COMERIO,MA
COMMACK,CA
COMMERCE,MA
COMMERCE,MA
COMMERCE,MD
COMMERCE CITY,SC
COMMERCE TWP,GA
COMPTON,CA
CONCORD,CA
CONCORD,FL
CONCORD,GA
CONCORD,NC
CONCORD,TN
CONCORD TWP,NM
CONCORDIA,IA
CONIFER,OH
CONNEAUT,CA
CONNELLSVILLE,MI
CONOVER,IL
CONROE,MI
CONVERSE,VA
CONWAY,IL
CONWAY,KY
CONWAY,NY
CONYERS,MN
COOKEVILLE,NY
COON RAPIDS,VA
COOPERS MILLS,CA
COOPERSBURG,SC
COOPERSTOWN,PA
COOS BAY,CA
COPPELL,CO
COPPERHILL,OR
CORAL GABLES,FL
CORAL SPRINGS,IL
CORAOPOLIS,OK
CORCORAN,MN
CORDELE,FL
CORDELL,WI
CORDOVA,NY
CORFU,CA
CORINTH,CA
CORNING,IA
CORNING,TN
CORNWALL,TX
CORONA,IA
CORONA,PA
COROZAL,KY
CORPUS CHRISTI,NJ
CORRY,KY
CORTE MADERA,OK
CORTLAND,AL
CORTLAND,MA
CORTLAND,MA
CORTLANDT MANOR,LA
CORVALLIS,CA
CORVALLIS,NC
CORYDON,CO
COSHOCTON,MS
COSTA MESA,OR
COTTAGE CITY,FL
COTTON PLANT,TX
COTTONWOOD,NJ
COUDERSPORT,TN
COULTERVILLE,CA
COUNCIL BLUFFS,NY
COUSHATTA,CA
COVENTRY,NC
COVINA,MI
COVINGTON,CT
COVINGTON,MA
COVINGTON,MA
COVINGTON,MS
COVINGTON,OR
COVINGTON,SC
COWANSVILLE,IL
COWETA,WI
CRANBERRY TWP,UT
CRANDON,CA
CRANE,RI
CRANFORD,KY
CREEDMOOR,WI
CRESSON,KY
CRESTLINE,NY
CRESTVIEW,CT
CRESTVIEW HILLS,MI
CRESTWOOD,FL
CRETE,WI
CRITTENDEN,FL
CROFTON,NJ
CROOKSTON,AR
CROSBY,PA
CROSSVILLE,MT
CROTON ON HUDSON,NC
CROWN POINT,NM
CRYSTAL CITY,NE
CUBA,FL
CUDAHY,IN
CULLMAN,CT
CULVER CITY,IN
CUMBERLAND,OH
CUMBERLAND,OK
CUMBERLAND,WA
CUMMING,MI
CUSHING,NJ
CUT BANK,MI
CUTLER BAY,MI
CUYAHOGA FALLS,TX
CYNTHIANA,MS
CYPRESS,WA
DACONO,FL
DAKOTA DUNES,TN
DALHART,AR
DALLAS,MD
DALLAS,TN
DALLAS,WI
DALTON,NY
DALY CITY,OH
DAMARISCOTTA,AR
DAMASCUS,IN
DANA POINT,AL
DANBURY,CA
DANBURY,TN
DANVERS,NY
DANVILLE,AL
DANVILLE,ME
DANVILLE,NY
DANVILLE,NY
DANVILLE,RI
DARIEN,KS
DARLINGTON,MI
DARLINGTON,NC
DAVENPORT,OK
DAVENPORT,TX
DAVIE,NY
DAVIS,MO
DAWSONVILLE,KY
DAYTON,AZ
DAYTON,CA
DAYTON,CA
DAYTON,VA
DAYTONA BEACH,OK
DE PERE,SD
DE WITT,TX
DEARBORN,NC
DEARBORN HEIGHTS,IL
DECATUR,AL
DECATUR,ND
DECATUR,NY
DECATUR,PA
DECHERD,KY
DECORAH,KS
DEDHAM,NY
DEER PARK,PA
DEERFIELD BEACH,WA
DEFIANCE,OH
DEFOREST,WI
DEFUNIAK SPRINGS,LA
DEL MAR,MO
DEL RIO,NJ
DELAND,GU
DELANO,MA
DELANO,MA
DELAWARE,MA
DELAWARE,MA
DELAWARE CITY,NJ
DELMAR,AZ
DELPHI,MA
DELPHI,MA
DELRAY BEACH,MN
DELTA,CA
DELTA,FL
DELTA,VT
DELTAVILLE,TN
DELTON,MI
DELTONA,PA
DEMING,NJ
DENHAM SPRINGS,CA
DENISON,CA
DENISON,MO
DENNISON,SC
DENTON,IL
DENTON,MO
DENVER,AK
DENVER,CA
DENVILLE,UT
DEPERE,OH
DEPEW,MA
DEPEW,MA
DERBY,IN
DERBY,VA
DERRY,PR
DES MOINES,CO
DES PLAINES,OH
DESOTO,CT
DETROIT,CA
DETROIT LAKES,IL
DEVILS LAKE,NC
DEWEY,FL
DIAMOND BAR,IL
DIBERVILLE,FL
DICKINSON,GA
DICKSON,MN
DICKSON CITY,KS
DILLON,NE
DILLSBURG,NY
DIMMITT,WV
DINUBA,AR
DIXON,NJ
DODGE CITY,IL
DODGEVILLE,UT
DOLTON,KS
DONIPHAN,NC
DORAL,NC
DORAVILLE,TX
DORCHESTER,OK
DORCHESTER CENTER,MI
DOTHAN,NE
DOUGLAS,CA
DOUGLAS,CA
DOUGLASSVILLE,OK
DOUGLASVILLE,KY
DOVER,FL
DOVER,MO
DOVER,NJ
DOVER,NV
DOVER,NY
DOVER,SD
DOVER PLAINS,PR
DOWAGIAC,MI
DOWNERS GROVE,CO
DOWNEY,MO
DOWNINGTOWN,AR
DOYLESTOWN,AZ
DREXEL HILL,CA
DRUMS,VA
DRY RIDGE,NY
DU BOIS,PA
DUARTE,WA
DUBLIN,IL
DUBLIN,IL
DUBUQUE,MI
DUCKWATER,OK
DULUTH,FL
DULUTH,MT
DUMONT,CA
DUNCAN,CA
DUNDEE,VA
DUNEDIN,SD
DUNKIRK,IL
DUNLAP,ID
DUNMORE,ME
DUNNELLON,CT
DUNWOODY,CA
DURANGO,WI
DURANT,ND
DURHAM,OK
DURHAM,SD
DURYEA,TX
DYER,TX
DYERSBURG,NC
E GREENWICH,ME
E LONGMEADOW,CA
E PALO ALTO,NY
E SYRACUSE,NJ
EAGAN,TX
EAGLE,TN
EAGLE BUTTE,ME
EAGLE LAKE,KY
EAGLE PASS,NY
EAGLE POINT,UT
EAGLE RIVER,TN
EASLEY,TN
EAST AURORA,MD
EAST BOSTON,LA
EAST BRIDGEWATER,AZ
EAST BRUNSWICK,MS
EAST CHICAGO,PA
EAST CHINA,MO
EAST CLEVELAND,NJ
EAST GRAND FORKS,IN
EAST GREENWICH,VT
EAST HAMPTON,MT
EAST HANOVER,TX
EAST HARTFORD,CA
EAST ISLIP,TX
EAST LANSING,MD
EAST LIVERPOOL,NC
EAST MACHIAS,HI
EAST MEADOW,TX
EAST NORRITON,FL
EAST ORANGE,IN
EAST PALO ALTO,WI
EAST PATCHOGUE,ID
EAST PROVIDENCE,ME
EAST ROCKAWAY,MD
EAST SAINT LOUIS,TX
EAST SETAUKET,AR
EAST STROUDSBURG,CA
EAST SYRACUSE,OH
EAST WENATCHEE,WA
EASTHAMPTON,PA
EASTMAN,VA
EASTON,NY
EASTON,VA
EATON,OH
EATON RAPIDS,OH
EATONTOWN,WI
EAU CLAIRE,OH
EBENSBURG,MI
EDDYVILLE,PA
EDEN,IL
EDEN,MD
EDEN,MI
EDENTON,SC
EDGERTON,FL
EDGEWATER,CA
EDGEWATER,MT
EDGEWOOD,NJ
EDINA,AR
EDINA,MA
EDINA,MA
EDINBURG,CA
EDISON,OR
EDISTO ISLAND,TX
EDMESTON,NY
EDMOND,IA
EDMONDS,MS
EDWARDS,LA
EDWARDSBURG,KY
EFFINGHAM,TX
EGG HARBOR CITY,NC
EGLIN,TX
EGLIN AFB,OH
EL CENTRO,NH
EL CERRITO,NY
EL DORADO,MA
EL DORADO,MA
EL DORADO,SC
EL PASO,CA
EL PASO,MA
EL PASO,MA
EL RENO,NE
ELBRIDGE,TX
ELDERSBURG,SD
ELDON,OH
ELDRIDGE,CO
ELEANOR,MI
ELGIN,FL
ELGIN,KY
ELIZABETH,IN
ELIZABETH,WI
ELIZABETH CITY,IA
ELIZABETHTON,FL
ELIZABETHTOWN,NM
ELK CITY,IN
ELK GROVE,PA
ELK GROVE VILLAGE,FL
ELK MOUND,TX
ELKHART,CT
ELKHORN,TN
ELKIN,NY
ELKLAND,MI
ELKMONT,FL
ELKO,FL
ELKRIDGE,MA
ELKRIDGE,MA
ELKTON,AK
ELKTON,IL
ELLENSBURG,OK
ELLENVILLE,MA
ELLENVILLE,MA
ELLISVILLE,CO
ELLSWORTH,NC
ELLWOOD CITY,TN
ELMA,CT
ELMENDORF AFB,WI
ELMHURST,FL
ELMHURST,NC
ELMIRA,NC
ELMONT,LA
ELMORE,WI
ELMWOOD PARK,NJ
ELOY,FL
ELSBERRY,UT
ELYRIA,MI
EMMITSBURG,WA
EMPORIA,NC
EMPORIA,NY
ENCINITAS,CT
ENCINO,NY
ENDWELL,PA
ENFIELD,WA
ENGLEWOOD,FL
ENGLEWOOD,SC
ENID,NC
ENTERPRISE,TX
EPSOM,KY
ERIE,IL
ERWIN,CT
ERWIN,TX
ESCALON,CA
ESCONDIDO,IA
ESSEX,NC
ESSEXVILLE,CA
ETNA,VA
ETOWAH,CA
EUCLID,OH
EUGENE,AZ
EULESS,NY
EUREKA,IL
EUREKA,NJ
EUREKA SPRINGS,GA
EUSTIS,IL
EVADALE,OH
EVANS,OH
EVANSTON,WI
EVANSVILLE,LA
EVANSVILLE,NY
EVERETT,MI
EVERETT,TX
EVERGREEN,MA
EVERGREEN,MA
EVERGREEN PARK,PA
EXCELSIOR SPRINGS,MS
EXETER,MA
EXETER,MA
EXTON,MI
FAIR LAWN,PA
FAIRBANKS,VA
FAIRFAX,CA
FAIRFAX,MS
FAIRFIELD,CA
FAIRFIELD,IL
FAIRFIELD,NC
FAIRFIELD,NC
FAIRFIELD,SC
FAIRFIELD,WA
FAIRHAVEN,PA
FAIRHOPE,KS
FAIRLAWN,PA
FAIRMONT,SD
FAISON,OR
FAJARDO,NV
FALL RIVER,HI
FALLBROOK,OH
FALLON,TX
FALLS CHURCH,MT
FALLSTON,SD
FALMOUTH,IN
FALMOUTH,SC
FANWOOD,NY
FAR ROCKAWAY,MN
FARGO,TX
FARIBAULT,MI
FARMINGTON,FL
FARMINGTON,IA
FARMINGTON,ID
FARMINGTON,OH
FARMINGTON HILLS,NV
FARMVILLE,IN
FARRELL,FL
FAYETTE,NJ
FAYETTE,OK
FAYETTEVILLE,AR
FAYETTEVILLE,AZ
FAYETTEVILLE,CA
FAYETTEVILLE,MN
FAYETTEVILLE,OH
FAYETTEVILLE,TX
FEDERAL WAY,PA
FENTON,WA
FENTON,WV
FERDINAND,CA
FERGUS FALLS,PA
FERNANDINA BEACH,UT
FERNDALE,FL
FERNDALE,IL
FERNLEY,AL
FERRIDAY,NC
FILLMORE,CA
FINDLAY,IL
FISHERS,SC
FISHERSVILLE,CA
FISHKILL,PA
FITCHBURG,IL
FITCHBURG,PA
FLAGSTAFF,VA
FLEETWOOD,WI
FLEMING ISLAND,MO
FLEMINGSBURG,TX
FLEMINGTON,IN
FLINT,FL
FLORAL PARK,OH
FLORALA,IN
FLORENCE,MA
FLORENCE,MA
FLORENCE,MN
FLORENCE,NY
FLORENCE,OH
FLORENCE,WA
FLORHAM PARK,TX
FLORIDA,MD
FLORISSANT,LA
FLOURTOWN,PA
FLOWER MOUND,MI
FLOWOOD,SC
FLUSHING,IL
FLUSHING,WI
FOGELSVILLE,CT
FOLEY,MA
FOLEY,MA
FOLSOM,OH
FOND DU LAC,VA
FORD CITY,OR
FOREST CITY,MA
FOREST CITY,MA
FOREST GROVE,NJ
FOREST HILL,TX
FOREST HILLS,CA
FOREST LAKE,CA
FORKS,OH
FORREST CITY,AR
FORT ATKINSON,MI
FORT BELVOIR,IL
FORT BENNING,WI
FORT BRAGG,MS
FORT BRANCH,OH
FORT CARSON,AL
FORT COLLINS,NY
FORT DODGE,KY
FORT GORDON,NY
FORT GRATIOT,NC
FORT KENT,AR
FORT LAUDERDALE,MO
FORT LEAVENWORTH,NY
FORT LEE,FL
FORT LUPTON,MO
FORT MADISON,LA
FORT MEADE,NJ
FORT MILL,GA
FORT MYERS,NY
FORT MYERS BEACH,MA
FORT MYERS BEACH,MA
FORT PAYNE,OH
FORT PIERCE,MA
FORT PIERCE,MA
FORT SAM HOUSTON,MN
FORT SILL,WA
FORT SMITH,KY
FORT STEWART,CA
FORT THOMAS,PA
FORT VALLEY,CA
FORT WALTON BEACH,LA
FORT WAYNE,WA
FORT WORTH,CT
FORTUNA,WA
FOUNTAIN HILL,MO
FOUNTAIN VALLEY,TN
FOWLER,FL
FOWLER,NY
FOXBORO,AK
FOXWORTH,CA
FPO,CA
FRAMINGHAM,OK
FRANKFORT,FL
FRANKFORT,NY
FRANKLIN,AR
FRANKLIN,CA
FRANKLIN,CA
FRANKLIN,CA
FRANKLIN,MN
FRANKLIN,NY
FRANKLIN,TX
FRANKLINTON,ME
FRANKTOWN,NJ
FREDERICK,NJ
FREDERICK,VA
FREDERICKSBURG,IL
FREDERICKSBURG,KS
FREDERICKTOWN,PA
FREEHOLD,FL
FREELAND,FL
FREEPORT,CA
FREMONT,MI
FREMONT,NM
FREMONT,OR
FREMONT,PA
FRENCH CAMP,MI
FRESH MEADOWS,NC
FRESNO,NV
FRIDLEY,VT
FRIENDSWOOD,CA
FRISCO,IA
FRONT ROYAL,MN
FT COLLINS,UT
FT GORDON,AR
FT GRATIOT,MA
FT GRATIOT,MA
FT HUACHUCA,NE
FT LAUDERDALE,GA
FT MYERS,TX
FT RECOVERY,NY
FT THOMAS,NJ
FT WALTON BEACH,PA
FT WASHINGTON,NC
FT. LAUDERDALE,AL
FULLERTON,OH
FULTON,FL
FULTON,IL
FULTONDALE,NE
FUQUAY VARINA,VA
GADSDEN,NJ
GAHANNA,KS
GAINESVILLE,NY
GAINESVILLE,PA
GAINESVILLE,WV
GAITHERSBURG,MI
GALAX,CA
GALENA,FL
GALENA,NY
GALES FERRY,OH
GALLATIN,MI
GALLIPOLIS,IL
GALLUP,WI
GALVESTON,MS
GANADO,NJ
GARDEN CITY,IL
GARDEN CITY,MA
GARDEN CITY,MA
GARDEN GROVE,NC
GARDENA,NC
GARDENDALE,MN
GARDNER,KY
GARDNER,NY
GARDNERVILLE,FL
GARFIELD,GA
GARLAND,GA
GARY,FL
GASSAWAY,NC
GASTONIA,TX
GATESVILLE,GA
GEARHART,MO
GENEVA,GA
GEORGETOWN,CO
GEORGETOWN,NC
GEORGETOWN,ND
GEORGETOWN,SC
GERING,OR
GERMANTOWN,FL
GERMANTOWN,LA
GERMANTOWN,PA
GETTYSBURG,FL
GIBBSBORO,MN
GIBSON CITY,PA
GIG HARBOR,TX
GILBERT,FL
GILROY,MS
GLADSTONE,MO
GLADWIN,CO
GLASGOW,KS
GLASSBORO,CA
GLEN BURNIE,FL
GLEN ELLYN,CA
GLEN MILLS,CA
GLEN RIDGE,NJ
GLEN ROCK,NJ
GLENCOE,NJ
GLENDALE,MD
GLENDALE,NC
GLENDALE,OR
GLENDIVE,MI
GLENDORA,GA
GLENNS FERRY,NY
GLENOLDEN,FL
GLENS FALLS,MI
GLENVIEW,TN
GLENWOOD SPGS,TN
GLENWOOD SPRINGS,IL
GLOUCESTER,MS
GLOUCESTER,OR
GLOUCESTER CITY,CA
GODFREY,MN
GOLD CANYON,TN
GOLDEN,NC
GOLDEN VALLEY,PA
GOLDENDALE,SC
GOLDSBORO,NJ
GONZALES,NE
GOODLETTSVILLE,PR
GOOSE CREEK,SC
GORDONSVILLE,VA
GOULD,MO
GOULDSBORO,OK
GOUVERNEUR,CO
GRACEVILLE,DE
GRAFTON,IL
GRAFTON,NJ
GRAHAM,NJ
GRAHAM,TX
GRANADA HILLS,PA
GRANBURY,NY
GRAND BLANC,OH
GRAND FORKS,TN
GRAND HAVEN,CO
GRAND ISLAND,NC
GRAND JUNCTION,PR
GRAND LEDGE,IA
GRAND MARAIS,MI
GRAND PRAIRIE,ND
GRAND RAPIDS,ME
GRAND RAPIDS,PA
GRAND RONDE,IL
GRANITE CITY,IL
GRANITE FALLS,CA
GRANT,NY
GRANTS,CO
GRANTS PASS,MO
GRANTSVILLE,IA
GRANTSVILLE,IL
GRANTSVILLE,IL
GRANVILLE,FL
GRANVILLE,WA
GRAPEVINE,WA
GRASS VALLEY,NJ
GRAVETTE,FL
GRAY,MA
GRAY,MA
GRAYSON,CT
GREAT BARRINGTON,WA
GREAT BEND,PA
GREAT FALLS,IN
GREAT NECK,IN
GREELEY,NC
GREEN BAY,KS
GREEN COVE SPRINGS,MI
GREEN ISLAND,MT
GREEN VALLEY,PA
GREENACRES,VT
GREENBELT,NC
GREENBRAE,MI
GREENCASTLE,CT
GREENCASTLE,TX
GREENDALE,TX
GREENEVILLE,TX
GREENFIELD,FL
GREENFIELD,MD
GREENFIELD,NC
GREENFIELD CENTER,NM
GREENPORT,CA
GREENSBORO,NJ
GREENSBURG,CT
GREENSBURG,MN
GREENTOWN,MI
GREENVILLE,CA
GREENVILLE,CA
GREENVILLE,IA
GREENVILLE,NC
GREENVILLE,NJ
GREENVILLE,OH
GREENVILLE,OH
GREENVILLE,TX
GREENWICH,IN
GREENWICH,TX
GREENWOOD,CA
GREENWOOD,IA
GREENWOOD,MI
GREENWOOD,OH
GREENWOOD VILLAGE,FL
GREER,CA
GREGORY,WV
GRENADA,FL
GRESHAM,FL
GRETHEL,NC
GRETNA,SC
GRIDLEY,MI
GRIFFIN,OK
GRIFFITH,PA
GROSSE POINTE PARK,IL
GROSSE POINTE WOODS,MI
GROTON,MT
GROVE,FL
GROVE CITY,CA
GRUNDY CENTER,PA
GT BARRINGTON,MA
GT BARRINGTON,MA
GUAYAMA,OR
GUAYNABO,SC
GULF BREEZE,FL
GULFPORT,MD
GUNNISON,TN
GUNNISON,TX
GUNTERSVILLE,OH
GURABO,VA
GURNEE,WI
GUTHRIE CENTER,NY
HACKENSACK,CA
HACKETTSTOWN,NC
HADDON HEIGHTS,OH
HADLEY,IN
HAGERSTOWN,LA
HAILEY,NJ
HAINES CITY,NJ
HAINESPORT,NY
HALE,NJ
HALEYVILLE,AR
HALIFAX,NC
HAMDEN,WI
HAMILTON,CA
HAMILTON,CA
HAMILTON,NE
HAMMOND,IA
HAMMOND,PA
HAMMONTON,IL
HAMPTON,PA
HAMPTON,WY
HAMPTON BAYS,IL
HAMTRAMCK,TX
HANCOCK,PA
HANFORD,PA
HANNIBAL,NY
HANOVER,MA
HANOVER,MA
HANOVER,MA
HANOVER,MA
HANOVER PARK,MA
HANOVER PARK,MA
HARAHAN,PA
HARBOR CITY,MO
HARDEEVILLE,CO
HARDIN,IN
HARDIN,KY
HARDINSBURG,NY
HARDWICK,NV
HARKER HEIGHTS,TX
HARLAN,TX
HARLINGEN,TN
HARPERS FERRY,NY
HARRIMAN,WY
HARRISBURG,MA
HARRISBURG,MA
HARRISBURG,NC
HARRISON,AZ
HARRISONBURG,NY
HARRISONVILLE,OH
HARRODSBURG,ME
HART,VA
HARTFIELD,WA
HARTFORD,GA
HARTFORD,NC
HARTFORD CITY,FL
HARTLAND,PA
HARTWELL,MD
HARVEY,KY
HARWICH,OH
HASTINGS,AK
HASTINGS,NJ
HASTINGS,OH
HATBORO,NV
HATHORNE,MO
HATILLO,NC
HATO REY,PA
HATTIESBURG,NJ
HAUPPAUGE,MS
HAVERTOWN,WA
HAVRE,MD
HAVRE DE GRACE,IL
HAWKINS,DC
HAWTHORNE,CA
HAWTHORNE,MO
HAWTHORNE,OH
HAYESVILLE,NJ
HAYMARKET,TN
HAYNESVILLE,FL
HAYS,SC
HAYWARD,FL
HAZARD,NY
HAZEL CREST,TX
HAZEL PARK,MS
HAZLET,MS
HAZLETON,OK
HEALDSBURG,TX
HEAVENER,OH
HEBER CITY,MI
HEBRON,FL
HEBRON,WV
HELENA,NC
HELENA,PA
HELLERTOWN,PA
HEMET,PA
HEMPSTEAD,NC
HENDERSON,MI
HENDERSON,MN
HENDERSON,TN
HENDERSON,TX
HENDERSONVILLE,AZ
HENDERSONVILLE,ME
HENRIETTA,MA
HENRIETTA,MA
HEREFORD,MN
HERKIMER,SD
HERMANN,VT
HERMISTON,NY
HERMITAGE,CO
HERMITAGE,MI
HERNDON,PR
HERSHEY,ID
HERTFORD,MD
HETTINGER,KY
HEWITT,IA
HEWLETT,ME
HIALEAH,LA
HIAWASSEE,WI
HIBBING,FL
HICKORY,AZ
HICKORY HILLS,FL
HICO,FL
HIGH POINT,OH
HIGH SPRINGS,TX
HIGHLAND,IL
HIGHLAND,KY
HIGHLAND PARK,NY
HIGHLAND PARK,TX
HIGHLAND PARK,WI
HIGHLANDS,MD
HIGHLANDS RANCH,FL
HIGHPOINT,VT
HILLIARD,PA
HILLSBORO,AZ
HILLSBORO,CA
HILLSBORO,IL
HILLSBORO,KY
HILLSBORO,MS
HILLSBOROUGH,KY
HILLSDALE,PA
HILLSVILLE,WI
HILO,MO
HILTON HEAD,FL
HINES,FL
HINESBURG,MI
HINESVILLE,MN
HINSDALE,FL
HINSDALE,MO
HIXSON,FL
HOBART,MA
HOBART,MA
HOBBS,OR
HOBE SOUND,MA
HOBE SOUND,MA
HOCKESSIN,AL
HODGES,VT
HOFFMAN ESTATES,NC
HOHENWALD,IL
HOISINGTON,CT
HOLBROOK,IL
HOLDEN,MT
HOLDENVILLE,OR
HOLIDAY,CA
HOLLAND,NY
HOLLAND,TX
HOLLIDAYSBURG,MO
HOLLIS,IN
HOLLIS,TX
HOLLISTER,AR
HOLLYWOOD,NJ
HOLMDEL,OK
HOLTS SUMMIT,MS
HOLYOKE,SD
HOMER,WA
HOMESTEAD,PA
HOMETOWN,CA
HOMEWOOD,GA
HOMEWOOD,MA
HOMEWOOD,MA
HONEA PATH,AL
HONESDALE,AL
HONEY BROOK,KY
HONOLULU,NY
HOOD RIVER,NJ
HOOKSETT,TN
HOOPER BAY,CA
HOOVER,TX
HOPEDALE,OH
HOPEWELL,NC
HOPEWELL JUNCTION,CA
HOPKINS,MS
HOPKINSVILLE,SC
HORNELL,OR
HORSEHEADS,NJ
HORSHAM,IA
HOSCHTON,TX
HOT SPRINGS,GA
HOT SPRINGS,IN
HOUGHTON,IA
HOUGHTON,MI
HOULTON,MA
HOULTON,MA
HOUMA,CA
HOUSE SPRINGS,NJ
HOUSTON,MA
HOUSTON,MA
HOWARD,IA
HOWELL,NY
HUBBARD,KY
HUBER HEIGHTS,CA
HUDSON,ME
HUDSON,MN
HUDSON,OH
HUDSON,TN
HUDSON FALLS,CO
HUDSONVILLE,OH
HUGOTON,NY
HUMACAO,IL
HUMBLE,RI
HUMBOLDT,FL
HUMBOLDT,OH
HUNTERSVILLE,TX
HUNTINGTON,PR
HUNTINGTON,TX
HUNTINGTON BEACH,MA
HUNTINGTON BEACH,MA
HUNTINGTON PARK,WI
HUNTINGTON STATION,MN
HUNTLEY,TN
HUNTSVILLE,KY
HUNTSVILLE,UT
HURON,MS
HURON,ND
HURRICANE,WA
HURST,WI
HUTCHINSON,GA
HUTCHINSON,PA
HUTCHISON,PR
HYANNIS,OH
HYATTSVILLE,CT
HYDE PARK,AK
HYDRO,MI
IDA GROVE,FL
IDABEL,SC
IDAHO FALLS,KY
ILWACO,OR
IMLAY CITY,MD
INDEPENDENCE,IN
INDEPENDENCE,SC
INDIALANTIC,WA
INDIAN HARBOUR BEACH,PA
INDIANA,FL
INDIANAPOLIS,WI
INDIANOLA,GA
INDIO,NJ
INGLEWOOD,NC
INVERNESS,MI
IONE,KY
IOWA CITY,CT
IPSWICH,OH
IRETON,IA
IRMO,NY
IRON MOUNTAIN,GA
IRON RIVER,NY
IRVINE,KY
IRVING,IN
IRVINGTON,AL
ISABELA,OH
ISELIN,CA
ISLAND PARK,VA
ISLIP,NJ
ISLIP TERRACE,FL
ISSAQUAH,OK
ITALY,CA
ITHACA,AR
ITHACA,VT
JACKSON,CA
JACKSON,CO
JACKSON,FL
JACKSON,FL
JACKSON,FL
JACKSON,PA
JACKSON,WI
JACKSON HEIGHTS,MA
JACKSON HEIGHTS,MA
JACKSONVILLE,AZ
JACKSONVILLE,ND
JACKSONVILLE,RI
JACKSONVILLE,TN
JACKSONVILLE BEACH,WA
JAMAICA,SC
JAMAICA PLAIN,FL
JAMESBURG,GA
JAMESTOWN,IN
JAMESTOWN,ME
JAMESTOWN,MO
JAMESTOWN,PA
JANESVILLE,WA
JASPER,GA
JASPER,OR
JASPER,TX
JEANNETTE,NJ
JEFFERSON,VT
JEFFERSON CITY,MA
JEFFERSON CITY,MA
JEFFERSON CITY,TN
JEFFERSON HILLS,FL
JEFFERSONVILLE,NY
JEMEZ PUEBLO,NY
JENKINTOWN,MI
JENNINGS,CA
JEROME,MA
JEROME,MA
JERSEY CITY,MI
JERSEY SHORE,OH
JESUP,NC
JOHN DAY,IN
JOHNSON CITY,AK
JOHNSON CITY,IL
JOHNSTON,IL
JOHNSTON,OH
JOHNSTOWN,CO
JOHNSTOWN,OH
JOINT BASE LEWIS MCCHORD,TX
JOLIET,CA
JONESBORO,NC
JONESBORO,WA
JONESVILLE,CA
JOPLIN,AL
JOURDANTON,MI
JUANA DIAZ,CO
JUNCTION,MA
JUNCTION,MA
JUNCTION CITY,NJ
JUPITER,CT
KAHULUI,NJ
KAILUA,NJ
KAILUA KONA,MD
KALAMAZOO,CA
KALISPELL,NY
KANKAKEE,CA
KANNAPOLIS,WA
KANSAS CITY,CA
KANSAS CITY,TN
KATY,TX
KAUFMAN,MN
KAYENTA,OH
KEARNEY,IL
KEENE,NY
KEESLER AFB,NJ
KELLER,CA
KEMMERER,OH
KENAI,NJ
KENANSVILLE,TX
KENDALLVILLE,MO
KENEDY,OH
KENILWORTH,MN
KENLY,NE
KENMORE,GA
KENNEBUNK,NY
KENNER,MI
KENNESAW,TX
KENNETH CITY,NH
KENNETT,AL
KENNETT SQUARE,NC
KENNEWICK,NY
KENOSHA,FL
KENSINGTON,NY
KENT,MI
KENTWOOD,MA
KENTWOOD,MA
KEOSAUQUA,PA
KERNERSVILLE,WI
KERRVILLE,PA
KETCHIKAN,TX
KETCHUM,OH
KETTERING,PA
KEY LARGO,MD
KEY WEST,WI
KEYSER,KY
KIHEI,OH
KILLEEN,NC
KILMARNOCK,GA
KING,GA
KING OF PRUSSIA,OH
KINGMAN,IL
KINGSLEY,MN
KINGSPORT,CA
KINGSTON,PA
KINGSTON,WI
KINGSTREE,OH
KINGWOOD,CO
KINGWOOD,KY
KINSTON,PA
KIRKLAND,NJ
KIRKSVILLE,DE
KIRTLAND AFB,MO
KISSIMMEE,VA
KITTERY,CA
KITTS HILL,GA
KLAMATH FALLS,NJ
KNIGHTDALE,MN
KNOX CITY,FL
KNOXVILLE,MA
KNOXVILLE,MA
KODIAK,MA
KODIAK,MA
KOKOMO,NJ
KOSCIUSKO,WI
KYLE,TN
LA,OH
LA CROSSE,ME
LA FAYETTE,PA
LA FOLLETTE,MI
LA GRANGE,MA
LA GRANGE,MA
LA GRANGE,MT
LA GRANGE PARK,GA
LA JARA,IA
LA JOLLA,MN
LA JUNTA,NC
LA MESA,GA
LA MIRADA,MI
LA PORTE,VA
LA PORTE CITY,PA
LA QUINTA,PA
LACEY,OR
LACOMBE,IN
LACONIA,MO
LACROSSE,NJ
LADY LAKE,IL
LAFAYETTE,IL
LAFAYETTE,MI
LAFAYETTE,NC
LAGO VISTA,MO
LAGUNA HILLS,IL
LAGUNA WOODS,NY
LAJAS,IN
LAKE,PA
LAKE ARROWHEAD,MI
LAKE BUTLER,NM
LAKE CHARLES,IL
LAKE CITY,MI
LAKE CITY,MO
LAKE CITY,PA
LAKE COMO,NJ
LAKE ELSINORE,GA
LAKE FOREST,AR
LAKE FOREST,IA
LAKE GENEVA,ME
LAKE HAVASU CITY,AL
LAKE ISABELLA,KY
LAKE JACKSON,PA
LAKE MARY,LA
LAKE MILLS,NC
LAKE OSWEGO,ID
LAKE OZARK,OH
LAKE PLACID,AE
LAKE RIDGE,PA
LAKE RONKONKOMA,TX
LAKE ST LOUIS,WI
LAKE SUCCESS,NY
LAKE WORTH,SD
LAKELAND,MN
LAKEPORT,IL
LAKESIDE,IL
LAKEVILLE,NJ
LAKEWOOD,IN
LAKEWOOD,MN
LAKEWOOD,NC
LAKEWOOD,NY
LAKEWOOD,TN
LAKIN,NM
LAMAR,PA
LAMBERTVILLE,NM
LAMONT,MA
LAMONT,MA
LANCASTER,CA
LANCASTER,CT
LANCASTER,FL
LANCASTER,NM
LANCASTER,TX
LANCASTER,VA
LANGHORNE,NY
LANSDALE,NH
LANSDOWNE,KY
LANSFORD,AL
LANSING,NH
LANSING,NJ
LANSING,TN
LAPEER,TN
LAPORTE,UT
LARAMIE,PR
LAREDO,TN
LARGO,TX
LARGO,TX
LAS CRUCES,PA
LAS PIEDRAS,TN
LAS VEGAS,NJ
LAS VEGAS,PA
LATHAM,NJ
LATHRUP VILLAGE,PA
LAUDERDALE LAKES,PA
LAUDERHILL,OH
LAUREL,AR
LAUREL,MS
LAURINBURG,NY
LAVALE,MS
LAWRENCE,CA
LAWRENCE,MD
LAWRENCEBURG,CA
LAWRENCEBURG,IA
LAWRENCEBURG,NJ
LAWRENCEVILLE,OH
LAWRENCEVILLE,WI
LAWTON,MA
LAWTON,MA
LAYTON,NY
LE MARS,IN
LEADVILLE,ID
LEAGUE CITY,OK
LEAKESVILLE,MO
LEAKEY,PA
LEAVENWORTH,KY
LEAVENWORTH,TN
LEAWOOD,AL
LEBANON,CA
LEBANON,IL
LEBANON,MA
LEBANON,MA
LEBANON,NC
LEBANON,PA
LEBANON,WI
LECANTO,MD
LECOMPTE,NY
LEE,NY
LEEDS,TX
LEES SUMMIT,MA
LEES SUMMIT,MA
LEESBURG,AL
LEESBURG,NJ
LEHI,TN
LEHIGH ACRES,IA
LEIGHTON,KS
LELAND,NJ
LEMONT,WA
LEMONT FURNACE,AE
LEMOORE,OH
LEMOYNE,NY
LENA,IA
LENEXA,PA
LENOIR,MI
LENOIR CITY,MI
LEOMINSTER,NY
LEONARDTOWN,SD
LEOTI,IN
LEVITTOWN,CA
LEVITTOWN,OH
LEWES,OK
LEWISBURG,AZ
LEWISBURG,IL
LEWISBURG,VT
LEWISTON,CA
LEWISTON,WI
LEWISTOWN,NY
LEWISTOWN,TN
LEWISTOWN,TX
LEWISVILLE,CO
LEXINGTON,CA
LEXINGTON,LA
LEXINGTON,NY
LEXINGTON,NY
LEXINGTON,TN
LEXINGTON,WA
LEXINGTON,WI
LIBBY,WA
LIBERTY,GA
LIBERTY,IA
LIBERTY,PA
LIBERTY,SD
LIBERTY,WI
LIBERTYVILLE,MO
LIGHTHOUSE POINT,PA
LIGONIER,IL
LIHUE,PA
LILBURN,MD
LIMA,WI
LINCOLN,AL
LINCOLN,CT
LINCOLN,NE
LINCOLN,VA
LINCOLN CITY,CA
LINCOLNTON,MN
LINCOLNWOOD,AZ
LINDEN,MT
LINDENHURST,NE
LINDENHURST,WY
LINDSAY,NC
LINWOOD,GA
LISLE,CT
LITCHFIELD,WI
LITHONIA,SC
LITTLE FALLS,IL
LITTLE RIVER,MA
LITTLE RIVER,MA
LITTLE ROCK,NJ
LITTLEFIELD,TX
LITTLETON,IL
LITTLETON,OH
LIVE OAK,MA
LIVE OAK,MA
LIVERMORE,PA
LIVERMORE FALLS,MD
LIVERPOOL,VA
LIVINGSTON,PA
LIVINGSTON,RI
LIVONIA,WI
LLANO,ID
LOCKFORD,AZ
LOCKPORT,UT
LOCKWOOD,MA
LOCKWOOD,MA
LOCUST,FL
LODI,FL
LOGAN,IA
LOGAN,KY
LOGANSPORT,MA
LOGANSPORT,MA
LOGANVILLE,MN
LOMA LINDA,NY
LOMBARD,NY
LOMPOC,KY
LONDON,NJ
LONE,IA
LONE TREE,IN
LONG BEACH,AK
LONG BEACH,WI
LONG BRANCH,FL
LONG GROVE,AR
LONG ISLAND CITY,WA
LONGMONT,OH
LONGVIEW,MA
LONGVIEW,MA
LONGVIEW,WV
LONGWOOD,IA
LORAIN,NY
LORIS,SC
LOS ALAMITOS,TX
LOS ALAMOS,MD
LOS ALTOS,OR
LOS ALTOS HILLS,MA
LOS ALTOS HILLS,MA
LOS ANGELES,AL
LOS GATOS,PA
LOUISBURG,LA
LOUISIANA,MA
LOUISIANA,MA
LOUISVILLE,WI
LOVELAND,MI
LOVELAND,TN
LOVINGTON,IL
LOW MOOR,AZ
LOWELL,GA
LOWELL,PA
LOXAHATCHEE,IL
LUBBOCK,IL
LUBEC,NJ
LUCERNE,CA
LUDINGTON,NC
LUFKIN,NE
LUGOFF,OK
LULING,NY
LUMBERTON,CT
LUMBERTON,NJ
LUTHERVILLE,NY
LUTZ,TX
LUVERNE,GA
LYNBROOK,IA
LYNCHBURG,TN
LYNDHURST,IA
LYNN,SD
LYNN HAVEN,MA
LYNN HAVEN,MA
LYNNWOOD,NY
LYNWOOD,NY
LYONS,NJ
LYONS FALLS,PA
MACEDON,IN
MACOMB,AZ
MACON,NY
MACUNGIE,OR
MADAWASKA,WA
MADELIA,PA
MADERA,PR
MADISON,CA
MADISON,FL
MADISON,IL
MADISON,LA
MADISON,NY
MADISON,PA
MADISON HEIGHTS,IA
MADISON HEIGHTS,MO
MADISONVILLE,CT
MADISONVILLE,OH
MADRAS,MO
MAGNOLIA,MA
MAGNOLIA,MA
MAGNOLIA,TX
MAHWAH,LA
MAILTAND,PA
MAITLAND,ID
MAKAWAO,AZ
MALABAR,NC
MALAD CITY,PA
MALDEN,NJ
MALONE,SC
MAMARONECK,CT
MAMMOTH SPRING,MN
MANAHAWKIN,IL
MANASSAS,PA
MANATI,MO
MANCHESTER,CA
MANCHESTER,FL
MANCHESTER,GA
MANCHESTER,MI
MANCHESTER,MN
MANCHESTER,NJ
MANCHESTER,TX
MANCHESTER,TX
MANDAN,NY
MANGHAM,WI
MANHASSET,PA
MANHATTAN BEACH,MI
MANISTEE,NH
MANISTIQUE,KY
MANITOWOC,NC
MANKATO,KS
MANLIUS,CA
MANSFIELD,IL
MANSFIELD,MA
MANSFIELD,MA
MANY,OH
MAPLE GROVE,CA
MAPLEWOOD,MO
MARBLE FALLS,CO
MARBLE HILL,TN
MARBLEHEAD,AR
MARBLETON,DE
MARGATE,MI
MARIANNA,OR
MARICOPA,TX
MARIETTA,IL
MARIETTA,MA
MARIETTA,MA
MARIETTA,PA
MARIETTA,TX
MARINA,SC
MARINA DEL REY,PA
MARINETTE,NJ
MARION,CO
MARION,KS
MARION,NC
MARION,NY
MARION,WA
MARION,WV
MARIPOSA,IL
MARKLEEVILLE,HI
MARLBORO,FL
MARLBOROUGH,NM
MARLOW,MI
MARLTON,VA
MARQUETTE,MI
MARRERO,MO
MARS HILL,SC
MARSHALL,FL
MARSHALL,MI
MARSHALL,WV
MARSHALLTOWN,MN
MARSHFIELD,AR
MARTIN,MN
MARTIN,PA
MARTINEZ,AL
MARTINEZ,GA
MARTINS FERRY,TX
MARTINSBURG,IN
MARTINSVILLE,MA
MARTINSVILLE,MA
MARTINSVILLE,OH
MARYSVILLE,NJ
MARYSVILLE,TN
MARYSVILLE,WA
MARYVILLE,CA
MARYVILLE,OH
MARYVILLE,UT
MASCOUTAH,MN
MASHPEE,MO
MASON,CA
MASON,NJ
MASON CITY,HI
MASSAPEQUA,CA
MASSILLON,NY
MATTHEWS,AZ
MATTOON,NY
MAUMEE,IA
MAUNABO,PA
MAYAGUEZ,WI
MAYFIELD,PR
MAYFIELD HTS,PA
MAYFIELD VILLAGE,MI
MAYSVILLE,FL
MAYWOOD,PR
MC CORDSVILLE,MI
MC KENZIE,AK
MC LEAN,NC
MC MINNVILLE,NJ
MC MURRAY,OR
MCALLEN,AK
MCCLEARLY,NC
MCCOMB,WA
MCDONOUGH,MN
MCHENRY,WV
MCKEESPORT,PA
MCKENZIE,VA
MCKINNEY,VA
MCLEAN,WI
MCLEANSVILLE,OH
MCMINNVILLE,NY
MCPHERSON,NJ
MEADOWBROOK,NY
MEADOWVIEW,MO
MEADVILLE,NC
MEBANE,TX
MECHANICSBURG,OH
MECHANICSVILLE,TX
MEDFIELD,MS
MEDFORD,VA
MEDFORD,WI
MEDIA,IL
MEDICAL LAKE,HI
MEDINA,MN
MEEKER,NJ
MELBOURNE,ND
MELROSE,MD
MELROSE PARK,VA
MEMPHIS,NJ
MENA,CT
MENDENHALL,IN
MENOMINEE,CA
MENOMONEE FALLS,SC
MENTOR,OR
MEQUON,MD
MERCED,WV
MERCER,CA
MERCER,MD
MERCER ISLAND,PA
MERCERSBURG,TX
MERCERVILLE,NM
MERIDEN,MA
MERIDEN,MA
MERIDIAN,IL
MERIDIAN,NY
MERIDIANVILLE,NJ
MERKEL,PR
MERRILL,UT
MERRILLVILLE,OR
MERRIONETTE PARK,IA
MESA,WI
MESCALERO,CA
MESQUITE,CA
MESQUITE,OR
METAIRIE,VA
METROPOLIS,KY
METUCHEN,PR
MEXIA,MI
MIAMI,MA
MIAMI,MA
MIAMI,NJ
MIAMI BEACH,MN
MIAMI LAKES,TX
MIAMI SPRINGS,LA
MIAMISBURG,FL
MICHIGAN CITY,MS
MIDDLE VILLAGE,CA
MIDDLEBORO,FL
MIDDLEBURG,CT
MIDDLEBURG,MA
MIDDLEBURG,MA
MIDDLEBURG HEIGHTS,NY
MIDDLEBURY,NC
MIDDLEBURY,TX
MIDDLEBURY,UT
MIDDLESBORO,PA
MIDDLETOWN,NY
MIDDLETOWN,TN
MIDDLETOWN,TN
MIDLAND,OH
MIDLAND,WI
MIDLAND PARK,FL
MIDLOTHIAN,FL
MIDVALE,OR
MIDWEST CITY,MS
MILAN,NJ
MILES CITY,KY
MILFORD,IL
MILFORD,NY
MILFORD,VA
MILL HALL,LA
MILLBRAE,TX
MILLBROOK,NY
MILLBURN,CA
MILLBURY,NY
MILLEDGEVILLE,MA
MILLEDGEVILLE,MA
MILLEN,PA
MILLER PLACE,IL
MILLERSBURG,WV
MILLERSVILLE,SC
MILLINGTON,CA
MILTON,NC
MILTON,NY
MILWAUKEE,IL
MILWAUKIE,NJ
MINDEN,TX
MINEOLA,MA
MINEOLA,MA
MINERAL POINT,MD
MINERAL WELLS,CT
MINNEAPOLIS,OH
MINNETONKA,IL
MINNETRISTA,CO
MINOCQUA,WI
MINOT,NJ
MIRAMAR,CA
MIRAMAR BEACH,WY
MISHAWAKA,WV
MISSION,KY
MISSION,ME
MISSION HILLS,OR
MISSION VIEJO,NY
MISSOULA,FL
MISSOURI CITY,NY
MITCHELL,GA
MOAB,WI
MOBERLY,LA
MOBILE,NC
MOCA,OH
MODESTO,WI
MOLALLA,ME
MOLINE,NY
MONCKS CORNER,NJ
MONETT,AZ
MONMOUTH,NJ
MONMOUTH,OH
MONONA,NY
MONROE,DE
MONROE,IL
MONROE,MI
MONROE,OH
MONROE,OR
MONROE,TX
MONROE CITY,SC
MONROE TOWNSHIP,MO
MONROE TWP,NC
MONROEVILLE,FL
MONROEVILLE,NC
MONTCLAIR,FL
MONTEBELLO,LA
MONTEREY,TX
MONTEREY PARK,CT
MONTGOMERY,IN
MONTICELLO,CA
MONTICELLO,IL
MONTICELLO,KS
MONTICELLO,MN
MONTICELLO,NC
MONTICELLO,OR
MONTICELLO,TX
MONTPELIER,AL
MONTPELIER,VA
MONTROSE,SD
MONTVALE,AL
MOODY,MI
MOON TOWNSHIP,MT
MOORE,MD
MOOREFIELD,GA
MOORESTOWN,MS
MOORESVILLE,AL
MOORESVILLE,NY
MOORHEAD,MO
MOOSIC,NY
MORA,PA
MOREHEAD,MI
MOREHEAD CITY,VA
MORENO VALLEY,KS
MORGAN,MI
MORGAN HILL,NY
MORGANFIELD,CT
MORGANTON,MN
MORGANTOWN,CA
MORGANTOWN,MO
MORGANVILLE,MI
MORIARTY,CA
MORRILTON,PA
MORRIS PLAINS,MI
MORRISTOWN,TX
MORRISTOWN,WI
MORRISVILLE,GA
MORRISVILLE,GA
MORROW,CA
MORTON,IL
MORTON GROVE,IL
MOSS POINT,GA
MOULTRIE,NJ
MOUNT AIRY,MO
MOUNT DORA,IA
MOUNT HOLLY,AL
MOUNT IDA,CA
MOUNT KISCO,PA
MOUNT LAUREL,NM
MOUNT MORRIS,VA
MOUNT PLEASANT,KS
MOUNT PROSPECT,MD
MOUNT SHASTA,MD
MOUNT VERNON,AZ
MOUNT VERNON,MA
MOUNT VERNON,MA
MOUNT VERNON,MA
MOUNT VERNON,MA
MOUNT VERNON,MD
MOUNT VERNON,MT
MOUNT VERNON,PA
MOUNT VERNON,TX
MOUNT VERNON,TX
MOUNTAIN BRK,SC
MOUNTAIN CITY,IL
MOUNTAIN GROVE,NY
MOUNTAIN HOME,IN
MOUNTAIN VIEW,AL
MOUNTAIN VIEW,CA
MOUNTAINAIR,FL
MOUNTLAKE TERRACE,IA
MOUNTVILLE,CA
MT CLEMENS,IL
MT HOREB,PR
MT LEBANON,PA
MT PLEASANT,CO
MT PLEASANT,LA
MT PLEASANT,NY
MT PLEASANT,VA
MT STERLING,NM
MT VERNON,TN
MT. AYR,MA
MT. AYR,MA
MT. JULIET,OH
MT. LAUREL,TX
MT. STERLING,OR
MULBERRY,CT
MULLICA HILL,NH
MULLINS,CO
MULVANE,NY
MUNCIE,NC
MUNISING,MI
MUNSTER,MD
MURFREESBORO,AR
MURFREESBORO,WA
MURPHYSBORO,KY
MURRAY,NJ
MURRAY,NY
MURRELLS INLET,IL
MURRIETA,TN
MUSCATINE,MN
MUSKEGON,NY
MUSKEGON HEIGHTS,LA
MUSKOGEE,ME
MYRTLE BEACH,SD
N CHARLESTON,OH
N CHELMSFORD,MD
N DARTMOUTH,NY
N KANSAS CITY,SD
N MUSKEGON,VA
NACOGDOCHES,KS
NAGS HEAD,OH
NANTICOKE,IL
NANUET,NY
NAPA,CA
NAPERVILLE,NM
NAPLES,TN
NAPOLEONVILLE,OH
NAPPANEE,TX
NARBERTH,MN
NASHUA,CT
NASHVILLE,CA
NASHVILLE,FL
NASHVILLE,NY
NASHVILLE,WA
NASSAWADOX,ME
NATCHEZ,NY
NATCHITOCHES,MT
NATICK,IL
NATIONAL CITY,TX
NATRONA HEIGHTS,LA
NAZARETH,NJ
NEBRASKA CITY,FL
NEDERLAND,TX
NEEDHAM,UT
NEEDLES,CA
NEENAH,OK
NEKOOSA,OK
NELLIS AFB,IN
NELSONVILLE,MA
NELSONVILLE,MA
NEON,WA
NEPTUNE,IA
NEPTUNE BEACH,CA
NEVADA,TN
NEW ALBANY,FL
NEW ALBANY,FL
NEW ALBANY,OH
NEW BEDFORD,ID
NEW BERLIN,MI
NEW BERN,NC
NEW BRAUNFELS,MI
NEW BRITAIN,WY
NEW BRUNSWICK,NJ
NEW CARLISLE,WA
NEW CASTLE,MI
NEW CASTLE,NY
NEW CASTLE,OK
NEW CITY,KS
NEW FREEDOM,MS
NEW HAMPTON,WA
NEW HARTFORD,NC
NEW HAVEN,NY
NEW HAVEN,RI
NEW HYDE PARK,PA
NEW IBERIA,NY
NEW KENSINGTON,ME
NEW LENOX,PA
NEW LONDON,CO
NEW LONDON,WV
NEW MARTINSVILLE,TX
NEW ORLEANS,CA
NEW PALTZ,CA
NEW PHILADELPHIA,VA
NEW PORT RICHEY,TN
NEW RICHMOND,GA
NEW ROADS,PA
NEW ROCHELLE,CO
NEW ULM,IN
NEW WILMINGTON,CT
NEW WINDSOR,MO
NEW YORK,ND
NEW YORK CITY,LA
NEWARK,AK
NEWARK,MN
NEWARK,OH
NEWARK,OR
NEWBERG,TN
NEWBURGH,AZ
NEWBURGH,WV
NEWBURY PARK,NH
NEWBURYPORT,AL
NEWCASTLE,NJ
NEWHALL,NY
NEWINGTON,TX
NEWNAN,WI
NEWPORT,KS
NEWPORT,NH
NEWPORT,NH
NEWPORT,PR
NEWPORT BEACH,MA
NEWPORT BEACH,MA
NEWPORT NEWS,CT
NEWTON,CA
NEWTON,MI
NEWTON,MN
NEWTON,NY
NEWTON,OH
NEWTON,PA
NEWTON LOWER FALLS,VA
NEWTOWN,UT
NEWTOWN SQUARE,CA
NIAGARA FALLS,NC
NIANTIC,MI
NILES,IA
NILES,NY
NILES,OH
NISKAYUNA,IN
NITRO,OK
NOBLESVILLE,AZ
NOME,CA
NORCO,NJ
NORCROSS,MI
NORFOLK,FL
NORFOLK,MI
NORMAL,SC
NORMAN,NY
NORMANDY PARK,MD
NORRISTOWN,TX
NORTH ADAMS,MI
NORTH ANDOVER,NC
NORTH AUGUSTA,NJ
NORTH BAY VILLAGE,CA
NORTH BERGEN,IL
NORTH CANTON,MA
NORTH CANTON,MA
NORTH CHARLESTON,OH
NORTH CHESTERFIELD,LA
NORTH CHICAGO,NC
NORTH CONWAY,OH
NORTH FRANKLIN,IA
NORTH HALEDON,GA
NORTH HAVEN,FL
NORTH HOLLYWOOD,MN
NORTH HUNTINGDON,WI
NORTH KANSAS CITY,VT
NORTH LAS VEGAS,OH
NORTH LITTLE ROCK,SC
NORTH MANKATO,MI
NORTH MIAMI,ME
NORTH MIAMI BEACH,MN
NORTH PALM BCH,DE
NORTH PLATTE,SC
NORTH PORT,MD
NORTH PROVIDENCE,LA
NORTH QUINCY,CT
NORTH READING,ME
NORTH RICHLAND HILLS,NY
NORTH SYRACUSE,ME
NORTH TONAWANDA,WV
NORTH VERNON,NV
NORTH WALTHAM,GA
NORTHAMPTON,GA
NORTHAMPTON,PA
NORTHBROOK,VA
NORTHFIELD,CA
NORTHFIELD,SC
NORTHGLENN,KS
NORTHPORT,IL
NORTHRIDGE,FL
NORTHUMBERLAND,CA
NORTHVALE,IL
NORTON,CA
NORTON,NC
NORTON,TX
NORWALK,CO
NORWALK,NY
NORWAY,MA
NORWAY,MA
NORWELL,SD
NORWICH,NC
NORWOOD,CA
NOTTINGHAM,AZ
NOVATO,CA
NOVI,NC
NUTLEY,PA
NY,CA
NYACK,CA
O FALLON,LA
O FALLON,NY
OAK BROOK,IL
OAK CREEK,VA
OAK FOREST,IN
OAK HARBOR,IL
OAK LAWN,KS
OAK PARK,OH
OAK PARK,SD
OAK PARK HEIGHTS,NC
OAK RIDGE,AR
OAK RIDGE,FL
OAKBROOK TERRACE,OH
OAKDALE,KY
OAKDALE,MI
OAKHURST,KS
OAKLAND,KY
OAKLAND,MO
OAKLAND,PA
OAKLAND PARK,IL
OAKLEY,CA
OAKMONT,NC
OAKTON,NJ
OCALA,NY
OCEAN,NJ
OCEAN CITY,WI
OCEAN SPRINGS,NJ
OCEANSIDE,CA
OCEANSIDE,MN
OCOEE,PA
OCONOMOWOC,NY
OCONTO FALLS,KS
ODENTON,GA
ODESSA,PA
OELWEIN,WI
OGDEN,ME
OGDENSBURG,CA
OGLESBY,NY
OJAI,GA
OKANOGAN,NM
OKATIE,KS
OKEECHOBEE,LA
OKEMOS,MI
OKLAHOMA CITY,CT
OKMULGEE,SD
OLATHE,CO
OLATHE,IL
OLD BRIDGE,VA
OLD FORGE,IL
OLD ORCHARD BEACH,NY
OLD TOWN,IL
OLEAN,TX
OLIVIA,WI
OLNEY,OK
OLYMPIA,AR
OLYMPIA FIELDS,GA
OMAHA,MI
OMAK,AZ
ONAGA,MI
ONALASKA,CA
ONAWA,KY
ONEIDA,IA
ONEIDA,IL
ONEONTA,ID
ONLEY,PA
ONTARIO,NY
ONTARIO,SC
OPELIKA,OH
OPELOUSAS,NM
OPP,CA
ORANGE,CA
ORANGE,IL
ORANGE,NJ
ORANGE CITY,MD
ORANGE CITY,MI
ORANGE PARK,UT
ORANGEBURG,NE
ORCHARD PARK,MI
ORD,CT
OREGON,IN
ORELAND,NJ
OREM,MA
OREM,MA
ORIENT,IN
ORINDA,VA
ORLAND PARK,CA
ORLANDO,OK
ORMOND BEACH,NY
ORO VALLEY,MI
ORONO,AR
OROSI,VA
OROVILLE,VA
ORWIGSBURG,OH
OSAGE BEACH,AL
OSAGE CITY,RI
OSCODA,IA
OSHKOSH,FL
OSSINING,PA
OSWEGO,CA
OTHELLO,CA
OTISVILLE,IL
OTTAWA,AZ
OTTUMWA,NC
OVERLAND PARK,IN
OVID,MD
OVIEDO,WA
OWASSO,SD
OWATONNA,TN
OWENSBORO,AL
OWINGS MILLS,IA
OWOSSO,IL
OXFORD,MA
OXFORD,MA
OXFORD,ND
OXNARD,NC
OXON HILL,OH
OYSTER BAY,GA
OZARK,AL
OZONE PARK,RI
PADUCAH,KS
PAGE,MN
PAHRUMP,AK
PAINESVILLE,TN
PAINTSVILLE,AR
PALATKA,NY
PALESTINE,SC
PALM BAY,NE
PALM BEACH GARDENS,OH
PALM COAST,WI
PALM DESERT,NY
PALM HARBOR,WI
PALM SPRINGS,NE
PALM SPRINGS,TX
PALMDALE,NC
PALMER,OH
PALMER,OR
PALMYRA,WI
PALO ALTO,IL
PALOS HEIGHTS,NJ
PALOS HILLS,OR
PALOS PARK,WV
PALOS VERDES ESTATES,WV
PANAMA CITY,IL
PANGUITCH,IN
PANORAMA CITY,FL
PAOLI,FL
PARADISE,MI
PARADISE VALLEY,NJ
PARAMOUNT,CO
PARAMUS,TX
PARDEEVILLE,PA
PARIS,AZ
PARIS,WA
PARK CITY,NJ
PARK RIDGE,NY
PARK RIDGE,OH
PARKER,CO
PARKER,TX
PARKERSBURG,AR
PARLIN,OH
PARMA,CA
PARMA HEIGHTS,ME
PAROWAN,UT
PARSIPPANY,NY
PARSONS,FL
PASADENA,NY
PASADENA,OH
PASADENA,PA
PASCAGOULA,CO
PASCO,NY
PASO ROBLES,MN
PATCHOGUE,FL
PATERSON,ME
PATTON,WY
PAW PAW,CA
PAWHUSKA,NJ
PAWNEE,AR
PAWTUCKET,NC
PAYNESVILLE,NJ
PAYSON,NY
PEABODY,IL
PEACHTREE CITY,MA
PEACHTREE CITY,MA
PEARL,CT
PEARLAND,VA
PEARSALL,TX
PECKVILLE,CA
PEKIN,MA
PEKIN,MA
PELHAM,VA
PELL CITY,CT
PELLA,IL
PEMBROKE,FL
PEMBROKE,TX
PEMBROKE PINES,CT
PENDER,MN
PENDLETON,FL
PENN VALLEY,MD
PENN VALLEY,MN
PENN YAN,VT
PENNSAUKEN,DE
PENNSBURG,MO
PENNSVILLE,MO
PENSACOLA,RI
PENSACOLA BEACH,WV
PENUELAS,PA
PEORIA,IA
PEORIA,PA
PEQUANNOCK,CA
PERHAM,MN
PERRRY,TN
PERRY,PA
PERRY,TX
PERRYVILLE,KS
PERTH AMBOY,PA
PERU,NY
PERU,PA
PETALUMA,FL
PETERSBURG,WA
PETERSTOWN,IL
PETOSKEY,NJ
PFLUGERVILLE,OK
PHELPS,CO
PHENIX CITY,WA
PHILA,SC
PHILADELPHIA,FL
PHILDELPHIA,NY
PHILIPPI,MI
PHILLIPSBURG,CO
PHOENIX,MO
PHOENIXVILLE,NM
PICAYUNE,IL
PICKERINGTON,MO
PICO RIVERA,CA
PIEDMONT,CA
PIEDMONT,CT
PIERRE,FL
PIGEON,MD
PIKESVILLE,TN
PIKEVILLE,ID
PINCKNEYVILLE,FL
PINE BLUFF,NV
PINEHURST,WY
PINELAND,GA
PINETOP,NH
PINEVILLE,CO
PINEVILLE,WI
PINEVILLE,WI
PINOLE,AR
PINSON,CA
PIPESTONE,VA
PIQUA,ME
PISCATAWAY,NY
PISGAH,CO
PISMO BEACH,WV
PITTSBORO,PA
PITTSBURG,TN
PITTSBURG,VA
PITTSBURGH,MO
PITTSFIELD,AR
PITTSFIELD,FL
PITTSFIELD,MI
PITTSFORD,NY
PLACENTIA,IN
PLACERVILLE,ME
PLAINFIELD,AL
PLAINFIELD,NJ
PLAINFIELD,SC
PLAINS,IN
PLAINS,NY
PLAINVIEW,PA
PLAINVIEW,TX
PLAINVILLE,KS
PLAINWELL,LA
PLANO,NC
PLANO,TX
PLANT CITY,CA
PLANTATION,MN
PLAQUEMINE,HI
PLATTEVILLE,TX
PLATTSBURGH,WI
PLATTSMOUTH,IN
PLEASANT HILL,CA
PLEASANT HILL,MN
PLEASANT PLAINS,IL
PLEASANT PRAIRIE,GA
PLEASANTON,FL
PLEASANTON,IL
PLEASANTVILLE,KS
PLYMOUTH,CA
PLYMOUTH,IL
PLYMOUTH,NJ
PLYMOUTH,NY
PLYMOUTH,PA
PLYMOUTH MEETING,VA
POCAHONTAS,OH
POCATELLO,WV
POCOMOKE,MS
POCONO LAKE,NC
POINT PLEASANT BEACH,NJ
POINT ROBERTS,TX
POLAND,KS
POLLOCKSVILLE,CA
POLSON,SC
POMFRET CENTER,GA
POMONA,KY
POMONA,PR
POMONA,SC
POMPANO BEACH,UT
PONCE,AK
PONDERAY,IN
PONTIAC,IL
PONTIAC,PR
POOLER,ID
POPLAR BLUFF,PA
POPLARVILLE,TX
PORT ARTHUR,MI
PORT BARRE,OR
PORT CHARLOTTE,CA
PORT HURON,NY
PORT JEFFERSON,PA
PORT JEFFERSON STATION,CA
PORT JERVIS,GA
PORT LAVACA,FL
PORT ORANGE,MT
PORT ORCHARD,SC
PORT RICHEY,MA
PORT RICHEY,MA
PORT ROYAL,ID
PORT SAINT LUCIE,GA
PORT ST JOE,MS
PORT ST JOHN,OH
PORT ST LUCIE,CA
PORT TOWNSEND,NJ
PORT WASHINGTON,AZ
PORTAGE,NY
PORTAGE,TX
PORTALES,CA
PORTERVILLE,NH
PORTLAND,MI
PORTLAND,MI
PORTLAND,NY
PORTLAND,NY
PORTLAND,VA
PORTSMOUTH,IN
PORTSMOUTH,NE
PORTSMOUTH,PA
POST FALLS,IA
POTEAU,WA
POTTSTOWN,NE
POTTSVILLE,OH
POUGHKEEPSIE,SD
POULSBO,PA
POWAY,CA
POWDER SPRINGS,IN
POWELL,NJ
PRAIRIE DU CHIEN,FL
PRATTVILLE,OH
PRESCOTT,PA
PRESCOTT VALLEY,NY
PRESQUE ISLE,MD
PRESTON,CA
PRESTONSBURG,IL
PRICHARD,WV
PRINCE FREDERICK,PA
PRINCETON,CO
PRINCETON,IA
PRINCETON,MI
PROCTORVILLE,MS
PROSSER,CA
PROVIDENCE,CA
PROVIDENCE,MO
PROVINCETOWN,OH
PROVO,WV
PRUDENVILLE,MT
PT PLEASANT,WA
PUEBLO,NJ
PUEBLO WEST,MA
PUEBLO WEST,MA
PULASKI,KY
PULASKI,NY
PULLMAN,TX
PURCELLVILLE,GA
PURCHASE,MO
PUTNAM,TX
PUXICO,OH
PUYALLUP,NC
QUAKERTOWN,OH
QUEEN CREEK,CA
QUEENS,CA
QUEENS VILLAGE,MI
QUEENSBURY,MI
QUINCY,NH
QUINCY,PR
QUITMAN,NJ
RACINE,MN
RADFORD,VA
RAEFORD,PA
RAHWAY,VT
RAINBOW CITY,ND
RALEIGH,TN
RAMSEY,FL
RANCHO CUCAMONGA,IA
RANCHO MIRAGE,FL
RANDOLPH,CA
RANDOLPH,IN
RANDOLPH,NJ
RAPID CITY,IA
RATCLIFF,CT
RATHDRUM,OH
RAVENNA,TN
RAVENSWOOD,OK
RAWLINS,KY
RAYMONDVILLE,WV
RAYTOWN,CA
READING,FL
RED BANK,WV
RED BAY,CA
RED BLUFF,NJ
RED BUD,NJ
RED LAKE,NV
RED LION,AL
RED OAK,CA
RED OAK,GA
REDDING,NC
REDFORD,WA
REDLANDS,IL
REDMOND,KY
REDMOND,TX
REDONDO BEACH,AZ
REDWOOD CITY,NY
REDWOOD VALLEY,UT
REED CITY,VA
REEDSPORT,IN
REGO PARK,VA
REHOBOTH BEACH,NJ
REIDSVILLE,AZ
REINHOLDS,VA
REISTERSTOWN,PA
RENO,MN
RENTON,LA
RESEDA,NY
RESTON,CT
REVERE,PA
REXFORD,NJ
REYNOLDSBURG,GA
RHINEBECK,AR
RHINELANDER,NV
RHODELL,MS
RICE LAKE,MI
RICHARDSON,TX
RICHFIELD,KS
RICHLAND,IN
RICHLAND,MI
RICHLAND CENTER,CA
RICHLANDS,PA
RICHMOND,HI
RICHMOND,IN
RICHMOND,PA
RICHMOND,WA
RICHMOND HEIGHTS,NY
RICHMOND HILL,NC
RICHMOND HILL,WV
RICHMOND HILLS,NH
RIDGECREST,WI
RIDGELAND,AR
RIDGELAND,NM
RIDGEVILLE,ME
RIDGEWAY,SC
RIDGEWOOD,KY
RIDGEWOOD,NH
RIDGWAY,MI
RIDLEY PARK,FL
RILEY,MO
RINCON,GA
RINGGOLD,MA
RINGGOLD,MA
RIO PIEDRAS,PR
RIO RANCHO,KS
RIPLEY,PR
RIPON,WV
RISING SUN,VA
RISON,MI
RITTMAN,NJ
RIVER FOREST,PA
RIVERDALE,NE
RIVERHEAD,NY
RIVERSIDE,GA
RIVERSIDE,TN
RIVERTON,TN
RIVERVIEW,IN
RIVIERA BEACH,PA
ROANOKE,PA
ROANOKE RAPIDS,UT
ROARING SPRING,MD
ROBBINS,CA
ROBBINSDALE,NY
ROBBINSVILLE,NC
ROBERTA,MO
ROBSTOWN,NY
ROCHELLE,UT
ROCHELLE PARK,AZ
ROCHESTER,AL
ROCHESTER,AZ
ROCHESTER,IN
ROCHESTER,IN
ROCHESTER,MI
ROCHESTER HILLS,TX
ROCK CAVE,MA
ROCK CAVE,MA
ROCK FALLS,VA
ROCK HILL,TX
ROCK ISLAND,CA
ROCK SPRINGS,CA
ROCKCAVE,MS
ROCKFORD,MD
ROCKINGHAM,SC
ROCKLEDGE,OH
ROCKLEDGE,TN
ROCKLIN,FL
ROCKPORT,SC
ROCKPORT,VA
ROCKVILLE,IL
ROCKVILLE,MI
ROCKVILLE CENTRE,TN
ROCKY MOUNT,VA
ROGERS,FL
ROGERSVILLE,TX
ROLAND,GA
ROLLA,WA
ROME,CA
ROME,IN
ROMNEY,AZ
RONCEVERTE,CA
ROOSEVELT,VA
ROOSEVELT ISLAND,VT
ROSCOMMON,PA
ROSE HILL,TX
ROSEBUD,NJ
ROSEBURG,TX
ROSEDALE,CT
ROSELLE,OH
ROSELLE PARK,NM
ROSEMEAD,IA
ROSEMONT,ME
ROSEVILLE,FL
ROSEVILLE,OH
ROSEVILLE,TX
ROSICLARE,MS
ROSLYN,MO
ROSLYN HEIGHTS,CT
ROSWELL,AL
ROSWELL,MI
ROUND ROCK,PA
ROWLETT,NY
ROXBORO,SC
ROXBURY,TX
ROXBURY CROSSING,MD
ROY,KY
ROYAL OAK,CT
ROYSE CITY,WA
RUIDOSO,NJ
RUMFORD,TX
RUSH CITY,MT
RUSKIN,LA
RUSSELLVILLE,FL
RUSTON,KY
RUTHERFORD,PA
RUTLAND,MO
RYE,MN
RYE BROOK,OK
SABANA GRANDE,MD
SABETHA,PA
SACATON,IN
SACO,MD
SACRAMENTO,CA
SADDLE RIVER,NY
SAFETY HARBOR,NJ
SAGINAW,OH
SAINT ALBANS,MI
SAINT ANTHONY,NJ
SAINT CHARLES,CA
SAINT CLAIR SHORES,MI
SAINT CLAIRSVILLE,NY
SAINT CLOUD,OH
SAINT CLOUD,WI
SAINT CROIX FALLS,KY
SAINT FRANCIS,OR
SAINT FRANCISVILLE,MI
SAINT GEORGE,NH
SAINT HELENA,PA
SAINT IGNACE,TX
SAINT JOHNS,MO
SAINT JOSEPH,DE
SAINT JOSEPH,FL
SAINT LOUIS,MO
SAINT MARYS,TX
SAINT MATTHEWS,LA
SAINT PAUL,SC
SAINT PETER,NM
SAINT PETERS,CT
SAINT ROBERT,NJ
SALEM,GA
SALEM,IL
SALEM,LA
SALEM,NC
SALEM,NJ
SALEM,PA
SALEM,SC
SALIDA,NY
SALINA,VT
SALINAS,GA
SALINE,OH
SALISBURY,GA
SALISBURY,KY
SALISBURY,MO
SALISBURY,PA
SALMON,AZ
SALT LAKE CITY,CA
SALTVILLE,MS
SAN ANGELO,ME
SAN ANSELMO,IL
SAN ANTONIO,NY
SAN ANTONIOT,MO
SAN BERNARDINO,NJ
SAN CARLOS,TX
SAN DIEGO,ME
SAN DIMAS,WI
SAN FRANCISCO,RI
SAN GABRIEL,MA
SAN GABRIEL,MA
SAN JOSE,CA
SAN JUAN,CT
SAN LEADNRO,CA
SAN LEANDRO,NV
SAN LUIS OBISPO,TX
SAN MARCOS,CT
SAN MARINO,MN
SAN MATEO,MN
SAN SEBASTIAN,MI
SAN YSIDRO,LA
SANDUSKY,OR
SANDWICH,PA
SANDY,NH
SANDY SPRINGS,MN
SANFORD,MN
SANFORD,OH
SANFORD,WA
SANTA ANA,OR
SANTA BARBARA,WI
SANTA CLARA,PA
SANTA CRUZ,NY
SANTA FE,IL
SANTA FE SPRINGS,MO
SANTA MARIA,WI
SANTA MONICA,NC
SANTA PAULA,NC
SANTA ROSA,NY
SANTURCE,PA
SARALAND,NY
SARANAC LAKE,TN
SARASOTA,MD
SARATOGA SPRINGS,NY
SARTELL,IN
SAUK CENTRE,IA
SAUKVILLE,MI
SAULT SAINTE MARIE,KY
SAVANNAH,MO
SAYNER,CA
SAYRE,IN
SCARBOROUGH,OK
SCARSDALE,MO
SCHAEFFERSTOWN,WA
SCHENECTADY,MD
SCHNECKSVILLE,IA
SCHOFIELD BARRACKS,NJ
SCHWENKSVILLE,NC
SCITUATE,IL
SCOOTSDALE,MI
SCOTIA,WI
SCOTT DEPOT,PA
SCOTTSBLUFF,MI
SCOTTSBURG,CA
SCOTTSDALE,KS
SCRANTON,MI
SEA GIRT,NJ
SEAFORD,NY
SEAL BEACH,IN
SEARCY,FL
SEASIDE,MA
SEASIDE,MA
SEASIDE,WI
SEATTLE,MS
SEBASTOPOL,NY
SEBRING,OH
SECAUCUS,WV
SEDALIA,CA
SEDRO WOOLLEY,CA
SEGUIN,OK
SELINSGROVE,NJ
SELLERSBURG,WA
SELLERSVILLE,MS
SELMA,PA
SEMINOLE,FL
SEMMES,MN
SENATOBIA,NY
SENECA,CA
SENECA,MO
SENECA,NC
SENECA,WV
SEQUIM,OH
SETAUKET,MS
SEVEN HILLS,TN
SEVIERVILLE,FL
SEWARD,OR
SEWELL,MD
SEWICKLEY,OH
SEYMOUR,CA
SEYMOUR,TX
SHAKOPEE,GA
SHALLOTTE,FL
SHAMROCK,NY
SHARON,KS
SHAVERTOWN,NY
SHAWANO,PA
SHAWNEE,IL
SHAWNEE,OH
SHAWNEE MISSION,OR
SHEBOYGAN,CA
SHEFFIELD VILLAGE,MS
SHELBY,LA
SHELBY TOWNSHIP,WI
SHELBY TWP,OH
SHELBYVILLE,GA
SHELL KNOB,MA
SHELL KNOB,MA
SHELL ROCK,CA
SHELTON,NJ
SHENANDOAH,KS
SHENANDOAH,MI
SHEPHERDSVILLE,PA
SHERIDAN,VA
SHERMAN,NE
SHERMAN,NY
SHERWOOD,IA
SHILLINGTON,NC
SHIPROCK,OH
SHNEWSBURY,AR
SHORELINE,UT
SHOREVIEW,KS
SHOREWOOD,NC
SHORT HILLS,FL
SHOW LOW,PA
SHREVEPORT,NY
SHREWSBURY,PA
SHREWSBURY,WI
SIDNEY,CT
SIDNEY,PR
SIERRA MADRE,MA
SIERRA MADRE,MA
SIERRA VISTA,MN
SIKESTON,TX
SILER CITY,IA
SILETZ,MN
SILVER BAY,MI
SILVER SPRING,PA
SILVERDALE,CO
SILVERTON,PA
SILVIS,NY
SIMI VALLEY,MD
SIMPSONVILLE,PA
SIOUX CENTER,FL
SIOUX CITY,NJ
SIOUX FALLS,IN
SISSETON,WV
SISTERS,OH
SITKA,WI
SKAGWAY,IL
SKILLMAN,SC
SKOKIE,MI
SKOWHEGAN,CA
SLC,NY
SLEEPY HOLLOW,FL
SLIDELL,IL
SMACKOVER,NE
SMITH RIVER,PA
SMITHFIELD,WI
SMITHLAND,IL
SMITHVILLE,GA
SMYRNA,CA
SMYRNA,MI
SMYRNA,TX
SNEEDVILLE,NH
SNELLVILLE,IL
SNOWFLAKE,MA
SNOWFLAKE,MA
SO BURLINGTON,FL
SOCIAL CIRCLE,TX
SODDY DAISY,MN
SOLDOTNA,NY
SOLON,WY
SOLVANG,NC
SOLWAY,PA
SOMERS POINT,PA
SOMERSET,AZ
SOMERSET,OH
SOMERSET,SD
SOMERSWORTH,CT
SOMERVILLE,AZ
SOMERVILLE,CA
SONOMA,OH
SONORA,SC
SOQUEL,IN
SORRENTO,RI
SOUTH BARRINGTON,KS
SOUTH BEND,MO
SOUTH BOSTON,MS
SOUTH BOSTON,NY
SOUTH BURLINGTON,FL
SOUTH CHARLESTON,MA
SOUTH CHARLESTON,MA
SOUTH EASTON,WI
SOUTH ELGIN,KY
SOUTH EUCLID,CA
SOUTH GATE,IN
SOUTH HAVEN,CO
SOUTH HILL,PA
SOUTH LAKE TAHOE,FL
SOUTH LYON,NY
SOUTH MIAMI,MA
SOUTH MIAMI,MA
SOUTH MILWAUKEE,MI
SOUTH MOUNTAIN,CA
SOUTH OGDEN,GA
SOUTH ORANGE,MO
SOUTH OZONE PARK,CT
SOUTH PASADENA,NJ
SOUTH PASADENA,NV
SOUTH PLAINFIELD,MO
SOUTH PORTLAND,PA
SOUTH RICHMOND HILL,NJ
SOUTH WEYMOUTH,PR
SOUTH WILLIAMSPORT,VA
SOUTH WINDSOR,NH
SOUTH WOODSTOCK,TN
SOUTHAMPTON,PA
SOUTHAMPTON,WA
SOUTHAVEN,WA
SOUTHBOROUGH,DE
SOUTHBURY,IL
SOUTHERN PINES,WA
SOUTHFIELD,PA
SOUTHGATE,CA
SOUTHGATE,MN
SOUTHINGTON,AL
SOUTHLAKE,OH
SOUTHPORT,IN
SOUTHPORT,NE
SOUTHWICK,WV
SPANISH FORK,PA
SPARKS,MN
SPARTA,NY
SPARTANBURG,MS
SPEARFISH,MA
SPEARFISH,MA
SPENCER,MO
SPENCERPORT,NC
SPOKANE,MI
SPOKANE VALLEY,HI
SPOONER,CA
SPRING,MS
SPRING HILL,ID
SPRING PARK,MI
SPRING VALLEY,IL
SPRING VALLEY,NE
SPRINGDALE,MI
SPRINGFIELD,CO
SPRINGFIELD,FL
SPRINGFIELD,MA
SPRINGFIELD,MA
SPRINGFIELD,MI
SPRINGFIELD,MN
SPRINGFIELD,NC
SPRINGFIELD,NY
SPRINGFIELD,OH
SPRINGFIELD,OK
SPRINGFIELD,PA
SPRINGFIELD,PA
SPRINGFIELD,VT
SPRINGTOWN,WI
SPRINGVILLE,CA
ST AUGUSTINE,MN
ST CLAIR SHORES,MN
ST CLAIRSVILLE,TN
ST CLOUD,MD
ST CROIX,CA
ST GEORGE,PA
ST JAMES,VA
ST JOSEPH,KY
ST JOSEPH,LA
ST JOSEPH,OH
ST LOUIS,NY
ST LOUIS PARK,FL
ST MARYS,IL
ST MARYS,PA
ST MARYS,TX
ST MICHAELS,AR
ST MICHAELS,TX
ST PAUL,OH
ST PETE,MN
ST PETERSBURG,FL
ST THOMAS,CA
ST. GEORGE,CA
ST. JOSEPH,LA
ST. LOUIS PARK,MN
ST. PAUL,PA
ST. PETERSBURG,OK
ST. SIMONS ISLAND,NJ
STAFFORD,GA
STAFFORD,WA
STAFFORD SPRINGS,NY
STAMFORD,MA
STAMFORD,MA
STAMFORD,TX
STANFORD,DE
STANFORD,OK
STANLEY,RI
STANSBURY PARK,PA
STATE COLLEGE,WA
STATELINE,CA
STATEN ISLAND,TX
STATESBORO,IL
STATESVILLE,KS
STEPHENVILLE,CO
STERLING,AZ
STERLING,CA
STERLING,NJ
STERLING HEIGHTS,MO
STEUBENVILLE,WA
STEVENS POINT,PA
STEVENSVILLE,TX
STILLWATER,MS
STILLWATER,PR
STILWELL,AL
STOCKBRIDGE,CA
STOCKBRIDGE,IL
STOCKTON,UT
STONE RIDGE,CA
STONEY CREEK,KY
STONY BROOK,VA
STOUGHTON,FL
STOUGHTON,MO
STOW,FL
STRATFORD,GA
STRATFORD,KY
STRONGSVILLE,NY
STROUDSBURG,OR
STUART,MO
STUART,NJ
STURGEON BAY,ME
STURGIS,SC
SUBLIMITY,FL
SUDBURY,KY
SUFFERN,TX
SUFFOLK,TX
SUGAR GROVE,MI
SUGAR HILL,CA
SUGAR LAND,NY
SUGAR NOTCH,PA
SULLIVAN,PA
SULLIVANS IS,GA
SULPHUR,FL
SULPHUR SPRINGS,PA
SUMMERSVILLE,LA
SUMMERVILLE,CO
SUMMERVILLE,PA
SUMMIT,MN
SUMMIT,PA
SUMMIT,TN
SUMNER,IA
SUMRALL,MS
SUMTER,FL
SUN CITY,AL
SUN CITY,NJ
SUN CITY WEST,NY
SUN VALLEY,IL
SUNBURY,NY
SUNNYSIDE,TX
SUNNYVALE,CA
SUNRISE,IL
SUNSET HILLS,PA
SUPERIOR,NY
SUPPLY,MO
SURING,PA
SURPRISE,PA
SUSANVILLE,CA
SUWANEE,FL
SWAMPSCOTT,NJ
SWANSEA,NY
SWANSEA,TN
SWEETWATER,UT
SYARCUSE,CT
SYCAMORE,AL
SYLACAUGA,CT
SYLMAR,WI
SYLVA,GA
SYLVANIA,GA
SYOSSET,NC
SYRACUSE,MI
TACOMA,VA
TAHLEQUAH,NH
TALLAHASSEE,MA
TALLAHASSEE,MA
TALLAPOOSA,NY
TALLASSEE,CA
TALLMADGE,KY
TAMAQUA,TN
TAMARAC,WI
TAMC,WV
TAMPA,OK
TAMUNING,NY
TANEYTOWN,OH
TAOS,NJ
TAPPAHANNOCK,NC
TAPPAN,UT
TARPON SPRINGS,UT
TARRYTOWN,VT
TARZANA,PA
TAUNTON,AL
TAVARES,SC
TAVERNIER,PR
TAYLOR,IL
TAYLORSVILLE,NC
TEANECK,VA
TECUMSEH,ME
TEHACHAPI,MS
TELLURIDE,NJ
TEMPE,MN
TEMPLE,IN
TEMPLE CITY,MN
TEMPLE HILLS,AL
TEMPLE TERRACE,TX
TEMPLETON,GA
TERRE HAUTE,KY
TERRELL,CA
TEUTOPOLIS,CA
TEXARKANA,AL
TEXAS CITY,NY
THAYER,RI
THE DALLES,KY
THE VILLAGES,MT
THE WOODLANDS,MN
THOMAS,MI
THOMASTON,CA
THOMASTON,WV
THOMASVILLE,MD
THOMASVILLE,UT
THOMPSON FALLS,WA
THOMSON,MI
THORNTON,MA
THORNTON,MA
THORNVILLE,OK
THOUSAND OAKS,OR
TIFFIN,IA
TIFTON,IL
TIGARD,VA
TILLAMOOK,FL
TIMONIUM,NY
TINLEY PARK,MI
TINTON FALLS,MS
TIPTON,OR
TISHOMINGO,FL
TITUSVILLE,NJ
TOHATCHI,MO
TOLEDO,AL
TOMBALL,IA
TOMKINS COVE,OH
TOMPKINSVILLE,NY
TOMS RIVER,KY
TONASKET,MI
TONAWANDA,CA
TONEY,MI
TOPEKA,PA
TOPPENISH,IL
TORRANCE,NY
TORRINGTON,NY
TOWANDA,LA
TOWNSEND,CT
TOWSON,AR
TRACY,MA
TRACY,MA
TRAPPE,WI
TRAVERSE CITY,PA
TRENTON,AZ
TRENTON,IL
TRENTON,NE
TRENTON,NY
TRESCKOW,AR
TRIBUNE,AZ
TRINITY,KY
TRINITY,NY
TROTWOOD,MN
TROUTDALE,OK
TROY,FL
TROY,IL
TROY,PR
TRUCKEE,PA
TRUJILLO ALTO,TN
TRUMANSBURG,NE
TRUMBOLL,NM
TRUMBULL,MA
TRUMBULL,MA
TUALATIN,OH
TUBA CITY,OH
TUCKER,IL
TUCSON,MA
TUCSON,MA
TULARE,NJ
TULLAHOMA,GA
TULSA,CA
TUMWATER,CA
TUPELO,IL
TURLOCK,NY
TURNERS FALLS,ME
TURNERSVILLE,WA
TURTLE CREEK,KS
TUSCALOOSA,AL
TUSTIN,AL
TUTTLE,NC
TWIN FALLS,WA
TWIN LAKES,IL
TWO HARBORS,NC
TYLER,ME
UKIAH,LA
ULYSSES,MO
UMATILLA,CA
UNCASVILLE,NC
UNION,MO
UNION,NJ
UNION,NV
UNION CITY,CA
UNION CITY,CT
UNION CITY,VA
UNION GROVE,MI
UNIONTOWN,MS
UNITY,IL
UNIVERSITY HEIGHTS,UT
UPLAND,RI
UPLAND,VA
UPPER ARLINGTON,FL
UPPER DARBY,NY
URBANA,GA
URBANA,MO
URBANDALE,VA
UTICA,TN
VA BECH,IA
VACAVILLE,AR
VACHERIE,MD
VAIL,SC
VALATIE,AL
VALDOSTA,TN
VALENCIA,NJ
VALENTINE,NJ
VALHALLA,FL
VALLEJO,IL
VALLEY,NY
VALLEY CITY,KY
VALLEY STREAM,ME
VALPARAISO,AR
VALRICO,NJ
VAN HORNE,MD
VAN NUYS,LA
VANCEBURG,TX
VANCOUVER,MI
VANDALIA,IL
VARNVILLE,CA
VAUXHALL,TX
VEGA BAJA,CA
VELVA,FL
VENICE,FL
VENTURA,OR
VERMILLION,CA
VERNAL,PR
VERNON,NY
VERNON HILLS,NY
VERO BEACH,PR
VERONA,MI
VERSAILLES,MO
VESTABURG,ME
VESTAL,CA
VIAN,AR
VICTORIA,CA
VICTORVILLE,NY
VIDALIA,IN
VIENNA,NC
VIENNA,WV
VIERA,MI
VILLA PARK,FL
VILLAGE OF GOLF,WI
VILLE PLATTE,OH
VINCENNES,FL
VINELAND,MN
VIRDEN,ND
VIRGINIA,MI
VIRGINIA BEACH,MD
VIROQUA,TX
VISALIA,IL
VISTA,PA
VIVIAN,MD
VOORHEES,NY
W BLOOMFIELD,PA
W BRIDGEWATER,IL
W BROOKFIELD,AZ
W COXSACKIE,NC
W HEMPSTEAD,TN
W. SACRAMENTO,WV
WABASH,MS
WACO,MI
WACONIA,WV
WADE,PA
WADING RIVER,NC
WADSWORTH,KY
WAGNER,MI
WAILUKU,PA
WAIPAHU,NJ
WAKE FOREST,AR
WAKEFIELD,KS
WAKEMAN,IN
WALDOBORO,AL
WALDORF,MN
WALKERSVILLE,MI
WALKERTOWN,IN
WALL TOWNSHIP,GA
WALLA WALLA,MA
WALLA WALLA,MA
WALLED LAKE,ME
WALLINGFORD,AL
WALLINGFORD,IL
WALLINGTON,MD
WALNUT CREEK,NY
WALNUT GROVE,PA
WALNUT HILLS,PA
WALTERBORO,CA
WALTHAM,NY
WALTON,TX
WAPAKONETA,FL
WARE,NV
WAREHAM,CO
WARFIELD,CA
WARMINSTER,OR
WARNER ROBINS,MS
WARREN,IL
WARREN,MA
WARREN,MA
WARREN,NJ
WARREN,TN
WARREN,TX
WARRENSVILLE HTS,PA
WARRENTON,FL
WARRENTON,IL
WARRENTON,MA
WARRENTON,MA
WARRENVILLE,MD
WARRINGTON,MI
WARROAD,IL
WARSAW,CO
WARSAW,MA
WARSAW,MA
WARSAW,MA
WARSAW,MA
WARSAW,UT
WARTBURG,IN
WARWICK,NC
WASHINGTON,CA
WASHINGTON,KS
WASHINGTON,TX
WASHINGTON,WI
WASHINGTON,WV
WASHINGTON COURT HOUSE,WV
WASHINGTON TWP,PA
WASILLA,TX
WATCHUNG,NM
WATER VALLEY,PA
WATERBURY,NY
WATERFORD,MA
WATERFORD,MA
WATERFORD,VA
WATERFORD,VT
WATERFORD TOWNSHIP,PA
WATERLOO,PA
WATERTOWN,IN
WATERTOWN,MO
WATERTOWN,WA
WATERVILLE,NC
WATKINS GLEN,VA
WATSONVILLE,CA
WAUCHULA,PR
WAUCONDA,AR
WAUKEE,MO
WAUKEGAN,WI
WAUKESHA,WA
WAUKON,NC
WAUPACA,GA
WAUSAU,DE
WAUTOMA,IL
WAUWATOSA,FL
WAVERLY,GA
WAXAHACHIE,AK
WAYCROSS,NY
WAYLAND,CT
WAYNE,IL
WAYNE,IN
WAYNESBORO,CO
WAYNESBORO,MI
WAYNESBORO,NM
WAYNESBORO,TX
WAYNESBURG,PA
WAYNESVILLE,OH
WEATHERFORD,IL
WEBER CITY,NH
WEBSTER,GA
WEBSTER,MA
WEBSTER,MA
WEBSTER,WA
WEBSTER SPRINGS,CA
WEDOWEE,GA
WEEKI WACHEE,IL
WELCH,PR
WELLESLEY,TX
WELLINGTON,FL
WELLINGTON,WA
WELLSBORO,TX
WELLSVILLE,NJ
WENATCHEE,CA
WENTZVILLE,IL
WESLACO,PA
WESLEY CHAPEL,PA
WESSINGTON SPRINGS,VA
WEST ALEXANDRIA,NC
WEST ALLIS,TX
WEST BABYLON,IL
WEST BEND,NJ
WEST BLOOMFIELD,LA
WEST BURLINGTON,CA
WEST CALDWELL,IL
WEST CHESTER,AZ
WEST CHESTER,WY
WEST CHICAGO,MT
WEST COLUMBIA,MA
WEST COLUMBIA,MA
WEST COVINA,WI
WEST DES MOINES,CA
WEST END,OK
WEST HARTFORD,NC
WEST HAVEN,AL
WEST HEMPSTEAD,NJ
WEST HILLS,MA
WEST HILLS,MA
WEST HOLLYWOOD,OK
WEST ISLIP,CA
WEST JORDAN,MI
WEST LAFAYETTE,MD
WEST LIBERTY,FL
WEST LONG BRANCH,PA
WEST MEMPHIS,TX
WEST MILFORD,HI
WEST MILTON,NJ
WEST MONROE,IL
WEST NEW YORK,AR
WEST NYACK,CT
WEST ORANGE,IA
WEST PALM BEACH,IL
WEST PATERSON,WA
WEST PLAINS,GA
WEST POINT,CA
WEST POINT,MN
WEST POINT,WV
WEST READING,OH
WEST RICHLAND,WI
WEST ROXBURY,PR
WEST SACRAMENTO,KY
WEST SENECA,KY
WEST VALLEY CITY,OH
WEST WARWICK,CA
WEST WINDSOR,MN
WESTAMPTON,GA
WESTBROOK,FL
WESTCHESTER,WA
WESTERLY,PA
WESTERN SPRINGS,MD
WESTERVILLE,NY
WESTFIELD,MI
WESTFIELD,MO
WESTFIELD,MO
WESTFIELD,TX
WESTFORD,MN
WESTLAKE,UT
WESTLAKE VILLAGE,OK
WESTLAND,WV
WESTMINSTER,CA
WESTMINSTER,KY
WESTMINSTER,NJ
WESTON,MA
WESTON,MA
WESTON,ME
WESTPORT,TX
WESTWOOD,NJ
WESTWOOD,VA
WETUMKA,SD
WEXFORD,CA
WEYMOUTH,GA
WHEAT RIDGE,KY
WHEELING,OH
WHITAKERS,MN
WHITE CITY,CA
WHITE MARSH,IL
WHITE PLAINS,MA
WHITE PLAINS,MA
WHITE RIVER JUNCTION,NC
WHITE STONE,NJ
WHITEFISH,OH
WHITEFISH BAY,NC
WHITEHALL,WI
WHITEHOUSE,MN
WHITERIVER,MA
WHITERIVER,MA
WHITESTONE,PA
WHITESVILLE,TX
WHITEVILLE,FL
WHITLEY CITY,CA
WHITTIER,IN
WHITTINSVILLE,OH
WICHITA,KY
WICHITA FALLS,GA
WIGGINS,OK
WILDOMAR,FL
WILKES BARRE,MA
WILKES BARRE,MA
WILKES BARRE TWP,NY
WILLARD,CO
WILLCOX,OK
WILLIAMS,VT
WILLIAMSBURG,NE
WILLIAMSPORT,SC
WILLIAMSTON,MA
WILLIAMSTON,MA
WILLIAMSTON,NY
WILLIAMSTOWN,MA
WILLIAMSTOWN,MA
WILLIAMSVILLE,TX
WILLIMANTIC,IL
WILLISTON,OK
WILLISTON,TX
WILLMAR,MT
WILLOUGHBY,NC
WILLOUGHBY HILLS,WA
WILLOW GROVE,OK
WILLOWBROOK,PA
WILLSBORO,WV
WILMINGTON,CT
WILMINGTON,FL
WILMINGTON,MI
WILMINGTON,MN
WILMINGTON,TX
WILSON,NC
WILTON,FL
WILTON,MN
WILTON MANORS,AR
WIMBERLEY,KY
WINAMAC,CA
WINCHESTER,GA
WINCHESTER,GA
WINCHESTER,VT
WINDHAM,GA
WINDHAM,OH
WINDSOR,FL
WINDSOR,NJ
WINDSOR,WA
WINDSOR MILL,NY
WINFIELD,CA
WINNER,CT
WINNETKA,CO
WINNSBORO,IA
WINNSBORO,NY
WINONA,VA
WINOOSKI,OR
WINSLOW,WA
WINSTON SALEM,TX
WINSTON-SALEM,KY
WINTER GARDEN,OK
WINTER HAVEN,AL
WINTER PARK,PR
WINTERSVILLE,SC
WINTHROP,IL
WISCASSET,CO
WISCONSIN DELLS,LA
WISNER,PA
WOBURN,PA
WOLFEBORO,IN
WOLFFORTH,IL
WOMELSDORF,AZ
WOODBINE,MD
WOODBRIDGE,FL
WOODBRIDGE,TN
WOODBURY,AR
WOODBURY,CA
WOODBURY,HI
WOODHAVEN,TX
WOODINVILLE,NC
WOODLAKE,WI
WOODLAND,TN
WOODLAND HILLS,MS
WOODLAND PARK,CA
WOODLAND PARK,TN
WOODMERE,KY
WOODRIDGE,CO
WOODSIDE,AL
WOODSTOCK,PA
WOODSTOCK,TN
WOONSOCKET,CA
WOOSTER,GA
WORCESTER,OH
WORTHINGTON,CA
WORTHINGTON,WY
WRANGELL,NY
WRAY,MD
WRENS,NM
WRIGHT PATTERSON AFB,NY
WSAHINGTON,NC
WYANDOTTE,NJ
WYNDMOOR,VA
WYNNEWOOD,OH
WYOMING,MA
WYOMING,MA
WYOMING,MN
WYOMISSING,MO
WYTHEVILLE,IL
XENIA,NY
YAKIMA,GA
YARDLEY,MA
YARDLEY,MA
YAUCO,AR
YAZOO CITY,NY
YERINGTON,MO
YOAKUM,ID
YONKERS,NJ
YORBA LINDA,LA
YORK,CO
YORK,FL
YORK,OH
YORKTOWN HEIGHTS,NY
YORKTOWN HTS,KS
YORKVILLE,NJ
YOUNGSTOWN,NH
YPSILANTI,KY
YREKA,MO
YUBA CITY,NY
YUCAIPA,MI
YUKON,TX
YULEE,MO
YUMA,FL
ZANESVILLE,AR
ZEBULON,MN
ZEPHYRHILLS,ND
ZIONSVILLE,MO
LEOMINSTER,MA
CAMBRIDGE,MA
ATTLEBORO,MA
LAWRENCE,MA
HYANNIS,MA
NORTHAMPTON,MA
GREENFIELD,MA
BOSTON,MA
SOUTHBRIDGE,MA
FALL RIVER,MA
HOLYOKE,MA
NEWBURYPORT,MA
PALMER,MA
BEVERLY,MA
SALEM,MA
PITTSFIELD,MA
MARLBOROUGH,MA
BROCKTON,MA
CLINTON,MA
PLYMOUTH,MA
WORCESTER,MA
LOWELL,MA
WESTFIELD,MA
MELROSE,MA
TAUNTON,MA
METHUEN,MA
NEEDHAM,MA
W CONCORD,MA
MILFORD,MA
GARDNER,MA
AYER,MA
SOUTH WEYMOUTH,MA
NEWTON,MA
WINCHESTER,MA
MILTON,MA
NORWOOD,MA
FALMOUTH,MA
BURLINGTON,MA
FRAMINGHAM,MA
NANTUCKET,MA
OAK BLUFFS,MA
GREAT BARRINGTON,MA
ATHOL,MA
Bedford,MA
Jamaica Plain,MA
Leeds,MA
Fitchburg,MA
Gloucester,MA
Haverhill,MA
Lynn,MA
New Bedford,MA
Quincy,MA
Fairhaven,MA
West Springfield,MA
MARLBORO,MA
BROOKLINE,MA
LAKEVILLE,MA
SAUGUS,MA
BELLINGHAM,MA
LUDLOW,MA
N ADAMS,MA
HOLLISTON,MA
STONEHAM,MA
CHESTNUT HILL,MA
SOMERSET,MA
BREWSTER,MA
COHASSET,MA
SOUTHBOROUGH,MA
IPSWICH,MA
MARION,MA
NORTH DARTMOUTH,MA
BELCHERTOWN,MA
ADAMS,MA
SALISBURY,MA
BILLERICA,MA
DEDHAM,MA
READING,MA
AUBURN,MA
LEICESTER,MA
REVERE,MA
DARTMOUTH,MA
CHELSEA,MA
SEEKONK,MA
WRENTHAM,MA
CHELMSFORD,MA
SHREWSBURY,MA
EASTON,MA
WILMINGTON,MA
WEST BRIDGEWATER,MA
ORLEANS,MA
WESTPORT,MA
MALDEN,MA
ACUSHNET,MA
EAST HARWICH,MA
WINTHROP,MA
SOMERVILLE,MA
PEABODY,MA
CHARLTEN,MA
FRANKLIN,MA
HOLBROOK,MA
NORTH READING,MA
TURNERS FALLS,MA
AMHERST,MA
WAREHAM,MA
LYNNFIELD,MA
ASHLAND,MA
SOUTHWICK,MA
WALPOLE,MA
NORTH ANDOVER,MA
WEST WAREHAM,MA
MEDFORD,MA
WHITINSVILLE,MA
WILBRAHAM,MA
S WEYMOUTH,MA
YARMOUTH PORT,MA
SHARON,MA
