hospitalid,hospitalname,address,city,state,zipcode,phoneno,revenue,EquipmentID,DepartmentID
1,HEALTHALLIANCE HOSPITALS  INC,60 HOSPITAL ROAD,LEOMINSTER,MA,1453,9784662000,198002.28,200,1
2,MOUNT AUBURN HOSPITAL,330 MOUNT AUBURN STREET,CAMBRIDGE,MA,2138,6174923500,288569.17,205,2
3,STURDY MEMORIAL HOSPITAL,211 PARK STREET,ATTLEBORO,MA,2703,5082225200,287355.03,210,3
4,LAWRENCE GENERAL HOSPITAL,ONE GENERAL STREET,LAWRENCE,MA,1842,9786834000,163386.98,215,4
5,CAMBRIDGE HEALTH ALLIANCE,1493 CAMBRIDGE STREET,CAMBRIDGE,MA,2138,6176652300,406053.19,220,5
6,CAPE COD HOSPITAL,88 LEWIS BAY ROAD,HYANNIS,MA,2601,5087711800,226779.11,225,6
7,COOLEY DICKINSON HOSPITAL INC THE,30 LOCUST STREET,NORTHAMPTON,MA,1060,4135822000,207766.77,230,7
8,BAYSTATE FRANKLIN MEDICAL CENTER,164 HIGH STREET,GREENFIELD,MA,1301,4137730211,137761.9,235,8
9,CARNEY HOSPITAL,2100 DORCHESTER AVENUE,BOSTON,MA,2124,6175062000,47143.4,240,9
10,HARRINGTON MEMORIAL HOSPITAL-1,100 SOUTH STREET,SOUTHBRIDGE,MA,1550,5087659771,179609.83,245,10
11,SAINT ANNE'S HOSPITAL,795 MIDDLE STREET,FALL RIVER,MA,2721,5086745600,282214.42,250,11
12,HOLYOKE MEDICAL CENTER,575 BEECH STREET,HOLYOKE,MA,1040,4135342500,327601.37,255,12
13,ANNA JAQUES HOSPITAL,25 HIGHLAND AVENUE,NEWBURYPORT,MA,1950,9784631000,108494.28,260,13
14,BAYSTATE WING HOSPITAL AND MEDICAL CENTERS,40 WRIGHT STREET,PALMER,MA,1069,4132837651,136237.92,265,14
15,BOSTON MEDICAL CENTER CORPORATION-,1 BOSTON MEDICAL CENTER PLACE,BOSTON,MA,2118,6176388000,10720.28,270,15
16,BEVERLY HOSPITAL CORPORATION,85 HERRICK STREET,BEVERLY,MA,1915,9789223000,153829.53,275,16
17,NORTH SHORE MEDICAL CENTER -,81 HIGHLAND AVENUE,SALEM,MA,1970,9787411215,202703.56,280,17
18,ST ELIZABETH'S MEDICAL CENTER,736 CAMBRIDGE STREET,BRIGHTON,MA,2135,6177893000,22215.52,285,18
19,BERKSHIRE MEDICAL CENTER INC - 1,725 NORTH STREET,PITTSFIELD,MA,1201,4134472000,208696.59,290,19
20,MARLBOROUGH HOSPITAL,157 UNION STREET,MARLBOROUGH,MA,1752,5084815000,163103.08,295,20
21,SIGNATURE HEALTHCARE BROCKTON HOSPITAL,680 CENTER STREET,BROCKTON,MA,2302,5089417000,166823.02,300,21
22,CLINTON HOSPITAL ASSOCIATION,201 HIGHLAND STREET,CLINTON,MA,1510,9783683000,82739.89,305,22
23,BETH ISRAEL DEACONESS HOSPITAL - PLYMOUTH,275 SANDWICH STREET,PLYMOUTH,MA,2360,5087462000,141636.85,310,23
24,ADCARE HOSPITAL OF WORCESTER INC,107 LINCOLN STREET,WORCESTER,MA,1605,5087999000,35648.16,315,24
25,LOWELL GENERAL HOSPITAL,295 VARNUM AVENUE,LOWELL,MA,1854,9789376000,224531.45,320,25
26,NOBLE HOSPITAL,115 WEST SILVER STREET,WESTFIELD,MA,1085,4135682811,125362.69,325,26
27,MERCY MEDICAL CTR,271 CAREW STREET,SPRINGFIELD,MA,1104,4137489000,103457.16,330,27
28,HALLMARK HEALTH SYSTEM,585 LEBANON STREET,MELROSE,MA,2176,7819793000,561587.35,335,28
29,MASSACHUSETTS GENERAL HOSPITAL,55 FRUIT STREET,BOSTON,MA,2114,6177262000,57734.52,340,29
30,MORTON HOSPITAL,88 WASHINGTON STREET,TAUNTON,MA,2780,5088287000,210659.72,345,30
31,SOUTHCOAST HOSPITAL GROUP  INC,363 HIGHLAND AVENUE,FALL RIVER,MA,2720,5086793131,222412.59,350,31
32,MASSACHUSETTS EYE AND EAR INFIRMARY -,243 CHARLES STREET,BOSTON,MA,2114,6175237900,32806.64,355,32
33,BAYSTATE MEDICAL CENTER,759 CHESTNUT STREET,SPRINGFIELD,MA,1199,4137940000,63494.93,360,33
34,HOLY FAMILY HOSPITAL,70 EAST STREET,METHUEN,MA,1844,9786870156,40892.05,365,34
35,BETH ISRAEL DEACONESS HOSPITAL - NEEDHAM,148 CHESTNUT STREET,NEEDHAM,MA,2494,7814533002,146105.78,370,35
36,EMERSON HOSPITAL -,133 OLD ROAD TO 9 ACRE CORNER,W CONCORD,MA,1742,9783691400,43346.09,375,36
37,BETH ISRAEL DEACONESS MEDICAL CENTER,330 BROOKLINE AVENUE,BOSTON,MA,2215,6176677000,15757.52,380,37
38,NEW ENGLAND BAPTIST HOSPITAL,125 PARKER HILL AVENUE,BOSTON,MA,2120,6177545800,33064.96,385,38
39,MILFORD REGIONAL MEDICAL CENTER,14 PROSPECT STREET,MILFORD,MA,1757,5084731190,336022.5,390,39
40,HEYWOOD HOSPITAL -,242 GREEN STREET,GARDNER,MA,1440,9786323420,172945,395,40
41,NASHOBA VALLEY MEDICAL CENTER,200 GROTON ROAD,AYER,MA,1432,9787849000,58638.64,400,41
42,SOUTH SHORE HOSPITAL,55 FOGG ROAD,SOUTH WEYMOUTH,MA,2190,7813408000,171859.9,405,42
43,NEWTON-WELLESLEY HOSPITAL,2014 WASHINGTON STREET,NEWTON,MA,2462,6172436000,334472.49,410,43
44,WINCHESTER HOSPITAL,41 HIGHLAND AVENUE,WINCHESTER,MA,1890,7817299000,151246.36,415,44
45,BETH ISRAEL DEACONESS HOSPITAL-MILTON INC,199 REEDSDALE ROAD,MILTON,MA,2186,6176964600,253308.58,420,45
46,BRIGHAM AND WOMEN'S HOSPITAL,75 FRANCIS STREET,BOSTON,MA,2115,6177325500,36164.8,425,46
47,GOOD SAMARITAN MEDICAL CENTER,235 NORTH PEARL STREET,BROCKTON,MA,2301,5084273000,137684.41,430,47
48,TUFTS MEDICAL CENTER,800 WASHINGTON STREET,BOSTON,MA,2111,6176365000,20226.45,435,48
49,BRIGHAM AND WOMEN'S FAULKNER HOSPITAL,1153 CENTRE STREET,BOSTON,MA,2130,6179837000,34227.4,440,49
50,NORWOOD HOSPITAL,800 WASHINGTON STREET,NORWOOD,MA,2062,5087721000,390476.5,445,50
51,FALMOUTH HOSPITAL,67 & 100 TER HEUN DRIVE,FALMOUTH,MA,2540,5085485300,215283.45,450,51
52,UMASS MEMORIAL MEDICAL CENTER INC,55 LAKE AVENUE NORTH,WORCESTER,MA,1655,5083341000,74912.8,455,52
53,LAHEY HOSPITAL & MEDICAL CENTER  BURLINGTON,41 & 45 MALL ROAD,BURLINGTON,MA,1803,7817445100,274490.82,460,53
54,METROWEST MEDICAL CENTER,115 LINCOLN STREET,FRAMINGHAM,MA,1701,5083831000,221767.72,465,54
55,ST VINCENT HOSPITAL,123 SUMMER STREET,WORCESTER,MA,1608,5083635000,51276.52,470,55
56,NANTUCKET COTTAGE HOSPITAL,57 PROSPECT STREET,NANTUCKET,MA,2554,5082281200,197613.84,475,56
57,MARTHA'S VINEYARD HOSPITAL INC,ONE HOSPITAL ROAD  FIRST FL  WING 5   PO BOX 1477,OAK BLUFFS,MA,2557,5086930410,16403.32,480,57
58,FAIRVIEW HOSPITAL,29 LEWIS AVENUE,GREAT BARRINGTON,MA,1230,4135280790,32419.16,485,58
59,ATHOL MEMORIAL HOSPITAL,2033 MAIN STREET,ATHOL,MA,1331,9782493511,23584.61,490,59
60,FRANCISCAN CHILDREN'S HOSPITAL & REHAB CENTER,30 WARREN STREET,BRIGHTON,MA,2135,6172543800,51354.01,495,60
61,BOSTON CHILDREN'S HOSPITAL,300 LONGWOOD AVENUE,BOSTON,MA,2115,6177356000,51793.16,500,61
62,SHRINERS' HOSPITAL FOR CHILDREN (THE),516 CAREW STREET,SPRINGFIELD,MA,1104,4137872000,57269.52,505,62
63,SHRINERS' HOSPITAL FOR CHILDREN - BOSTON  THE,51 BLOSSOM STREET,BOSTON,MA,2114,6177223000,34098.06,510,63
64,Edith Nourse Rogers Memorial Veterans Hospital (Bedford VA),200 Springs Rd.,Bedford,MA,1730,781-687-2000,24101.25,515,64
65,VA Boston Healthcare System  Brockton Campus,940 Belmont Street,Brockton,MA,2301,508-583-4500 Or 508-583-4500,8214.57,520,65
66,VA Boston Healthcare System  Jamaica Plain Campus,150 South Huntington Avenue,Jamaica Plain,MA,2130,617-232-9500,595246.77,525,66
67,VA Central Western Massachusetts Healthcare System,421 North Main Street,Leeds,MA,1053,413-584-4040,17436.6,530,67
68,Causeway OPC,251 Causeway St.,Boston,MA,2114,800-865-3384,18599.04,535,68
69,Lowell Veterans Community Care Center,130 Marshall Road,Lowell,MA,1852,978-671-9000,3358.16,540,69
70,Fitchburg Outpatient Clinic,881 Main Street,Fitchburg,MA,1420,978-342-9781 Or 978-342-9781,75816.92,545,70
71,Framingham Outpatient Clinic,61 Lincoln Street  Suite 112,Framingham,MA,1702,800-865-3384,81499.96,550,71
72,Gloucester Community Based Outpatient Clinic (CBOC),199 Main Street,Gloucester,MA,1930,800-838-6331,31773.36,555,72
73,Haverhill Community Based Outpatient Clinic (CBOC),108 Merrimack St.,Haverhill,MA,1830,800-838-6331,71038,560,73
74,Hyannis Outpatient Clinic,233 Stevens St,Hyannis,MA,2601,508-771-3190,83101.4,565,74
75,Lowell Outpatient Clinic,130 Marshall Road,Lowell,MA,1852,800-865-3384,32935.8,570,75
76,Lynn Community Based Outpatient Clinic (CBOC),225 Boston Road  Suite 107,Lynn,MA,1904,800-838-6331,15628.36,575,76
77,New Bedford Outpatient Clinic,175 Elm Street,New Bedford,MA,2740,508-994-0217,33452.44,580,77
78,Plymouth Outreach Clinic,116 Long Pond Road,Plymouth,MA,2360,800-865-3384,23377.96,585,78
79,Quincy Outpatient Clinic,110 West Squantum Street,Quincy,MA,2169,800-865-3384,60963.52,590,79
80,Springfield Outpatient Clinic,25 Bond Street,Springfield,MA,1104,413-731-6000 Or 413-731-6000,24023.76,595,80
81,Worcester Outpatient Clinic,605 Lincoln Street,Worcester,MA,1605,508-856-0104 Or 508-856-0104,330003.8,600,81
82,Boston Vet Center,7 Drydock Ave  Suite 2070,Boston,MA,2210,857-203-6461,41331.2,605,82
83,Brockton Vet Center,1041L Pearl St.,Brockton,MA,2301,508-580-2730 Or 508-580-2730,25263.69,610,83
84,New Bedford Vet Center,73 Huttleton Ave.  Unit 2,Fairhaven,MA,2719,508-999-6920 Or 508-999-6920,73492.04,615,84
85,Springfield Vet Center,95 Ashley Avenue  Suite A,West Springfield,MA,1089,413-737-5167 Or 413-737-5167,56391.1,620,85
86,Worcester Vet Center,255 Park Ave Suite # 900,Worcester,MA,1609,508-753-7902,39342.13,625,86
87,TERRI PEREIRA,221 BOSTON POST RD,MARLBORO,MA,01752-3586,508-481-5519,19761.48,630,87
88,THAYER CHIROPRACTIC CENTER,955 MAIN ST,WINCHESTER,MA,01890-4303,781-729-3870,4649.76,635,88
89,DIAGNOSTIC ULTRASOUND ASSOCIATES  PC,1 BROOKLINE PL,BROOKLINE,MA,02445-7277,617-739-0245,6070.52,640,89
90,TRANQUIL MIND AND WELLNESS,109 RHODE ISLAND RD B,LAKEVILLE,MA,02347-1370,508-947-1683,2324.88,645,90
91,ORTHOSPORTS AND AQUATIC PHYSICAL THERAPY  PC,1237 HIGHLAND AVE,NEEDHAM,MA,02492-2615,781-444-1290,1808.24,650,91
92,CENTER FOR EYE EXCELLENCE,1515 ALLEN ST,SPRINGFIELD,MA,01118-1895,413-782-0030,4391.44,655,92
93,BOSTON VISION WORKS INC,335 MAIN ST,SAUGUS,MA,01906-3143,781-233-9570,9299.52,660,93
94,KHOURY CHIROPRACTC  INC.,116 MECHANIC ST,BELLINGHAM,MA,02019-1678,508-966-3777,26606.96,665,94
95,ASSOCIATED EYE PHYSICIANS AND SURGEONS INC,1261 FURNACE BROOK PKWY,QUINCY,MA,02169-4762,617-770-0011,2195.72,670,95
96,PSYCH CARE ASSOC PC,185 W AVE,LUDLOW,MA,01056-1717,413-583-6750,7491.28,675,96
97,TANZMAN MASELLI AND ASSOCIATES PC,151 ASHLAND ST,N ADAMS,MA,01247-4522,413-662-2020,17953.24,680,97
98,HOLLISTON VISION CENTER INC,841 WASHINGTON ST,HOLLISTON,MA,01746-1690,508-429-1330,5941.36,685,98
99,REDSTONE EYE ASSOCIATES LLC,75 MAIN ST,STONEHAM,MA,02180-3305,781-438-3372,10332.8,690,99
100,FAMILY SERVICES OF THE MERRIMACK VALLEY  INC.,430 N CANAL ST,LAWRENCE,MA,01840-1246,978-327-6618,3099.84,695,100
101,VERNICK AND GOPAL LLC,1244 BOYLSTON ST,CHESTNUT HILL,MA,02467-2066,617-383-6800,1679.08,700,101
102,WILLIAM H LANGFIELD JR OD PC,598 COUNTY ST,SOMERSET,MA,02726-4204,508-676-8167,10461.96,705,102
103,MOIRA L MCDERMOTT LOWER CAPE PODIATRY,4 GRANITE STATE COURT,BREWSTER,MA,2631,508-432-3907,8395.4,710,103
104,PRESCRIPTION ORTHOPEDIC AND SPORTS THERAPY,223 CHIEF JUSTICE CUSHING HWY,COHASSET,MA,02025-1391,781-838-8767,2841.52,715,104
105,ENCOMPASS CARE COMPANY INC,2 PARK CENTRAL DR,SOUTHBOROUGH,MA,01772-1777,508-481-8346,5812.2,720,105
106,BEACON FAMILY MEDICINE  LLP,130 COUNTY RD,IPSWICH,MA,01938-2585,978-356-1192,3616.48,725,106
107,ANDREA DIFILIPPO  LICSW AND ASSOCIATES  INC,119 WAREHAM RD,MARION,MA,02738-1178,508-748-3131,2712.36,730,107
108,INDEPENDENCE EYE ASSOCIATES  LLC,365 FAUNCE CORNER RD,NORTH DARTMOUTH,MA,02747-6230,508-985-6600,6458,735,108
109,CROSSROADS HEALTH GROUP  P.C.,35 TURKEY HILL RD,BELCHERTOWN,MA,01007-9032,413-323-1115,1679.08,740,109
110,ADAMS PHYSICAL THERAPY  LLC,1 BERKSHIRE SQ,ADAMS,MA,01220-1300,413-743-2600,7103.8,745,110
111,KAREN HOLMES PHYSICAL THERAPY  LLC,191 ELM ST,SALISBURY,MA,01952-1814,978-499-1870,7491.28,750,111
112,BILLERICA CHIROPRACTIC OFFICE P.C.,25 BRIDGE ST,BILLERICA,MA,01821-1023,978-667-1932,5941.36,755,112
113,MELROSE FAMILY CHIROPRACTIC AND SPORTS INJURY CENTRE  INC,653 MAIN ST,MELROSE,MA,02176-3101,781-665-1497,3229,760,113
114,KHOURY CHIROPRACTC  INC.,640 WASHINGTON ST,DEDHAM,MA,02026-4427,781-329-3344,387.48,765,114
115,BARLEY FAMILY HEALTHCARE AND REHABILITATION PC,270 HUTTLESTON AVE,FAIRHAVEN,MA,02719-1605,508-997-9100,2454.04,770,115
116,READING FAMILY MEDICINE PC,30 NEW CROSSING RD,READING,MA,01867-3270,781-942-0380,5295.56,775,116
117,CAPE GYNECOLOGY  LLC,19 BAY STATE COURT,BREWSTER,MA,02631-2120,508-255-2325,3874.8,780,117
118,AUBURN PODIATRY LLP,492 WASHINGTON ST,AUBURN,MA,01501-5708,508-832-6075,2712.36,785,118
119,TOTAL HEALTH CARE  INC.,2 REEDSDALE RD,MILTON,MA,02186-3324,617-698-0715,10461.96,790,119
120,WINCHESTER ORAL SURGERY PC,955 MAIN ST,WINCHESTER,MA,01890-4302,781-729-2800,3358.16,795,120
121,ROSMARK PSYCHOLOGICAL SERVICES LLC,186 CABOT ST,BEVERLY,MA,01915-5846,978-646-8830,6587.16,800,121
122,COMPREHENSIVE PHYSICAL THERAPY  PC,1037 MAIN ST,LEICESTER,MA,01524-1313,508-892-1335,9557.84,805,122
123,CUMMINGS PHYSICAL THERAPY INC,425 REVERE ST,REVERE,MA,02151-4543,781-284-7597,3874.8,810,123
124,OLIVIER GROUP PC,92 FAUNCE CORNER RD,DARTMOUTH,MA,02747-1262,508-993-3000,7491.28,815,124
125,PERFORMANCE PHYSICAL THERAPY INC,99 4TH ST,CHELSEA,MA,02150-2336,617-889-2500,3099.84,820,125
126,KYLE CORBIN  DC PA,664 TAUNTON AVE,SEEKONK,MA,02771-3117,508-336-4114,8782.88,825,126
127,NICOLE H. BOUDREAU MD P.C.,1180 BEACON ST,BROOKLINE,MA,02446-3806,617-232-0440,6587.16,830,127
128,PAGGI PHYSICAL THERAPY AND SPORTS REHABILITATION  INC,1842 BEACON ST,BROOKLINE,MA,02445-1922,845-590-9450,5553.88,835,128
129,NORFOLK COUNTY MEDICAL ASSOCIATES INC,844 FRANKLIN ST,WRENTHAM,MA,02093-1223,508-384-5000,3616.48,840,129
130,COMMONWEALTH OB-GYN  PC,1 BROOKLINE PL,BROOKLINE,MA,02445-7296,617-732-1510,3616.48,845,130
131,DEDHAM CONSULTATION CENTER LLC,339 WASHINGTON ST,DEDHAM,MA,02026-1870,781-407-7770,2583.2,850,131
132,NEW ENGLAND ORAL SURGERY ASSOCIATES LLC,2 ANDOVER RD,BILLERICA,MA,01821-1916,978-667-8600,4133.12,855,132
133,MASSACHUSETTS ENT ASSOCIATES INC,3 MEETINGHOUSE RD,CHELMSFORD,MA,01824-2739,978-256-5557,1808.24,860,133
134,ALL-ACCESS PHYSICAL THERAPY  INC.,904 C BOSTON TPKE,SHREWSBURY,MA,01545-3303,508-845-3500,10849.44,865,134
135,CHARIS CENTER SOUTH  INC.,604 FOUNDRY ST,EASTON,MA,2334,508-947-1901,7749.6,870,135
136,EYE ASSOCIATES PC,500 SALEM ST,WILMINGTON,MA,01887-1200,978-658-2880,8137.08,875,136
137,ORTHO SPORT PHYSICAL THERAPY INC,102 W CTR ST,WEST BRIDGEWATER,MA,02379-1755,508-588-2800,4133.12,880,137
138,STEVEN I. KORNBLEUTH,111 LINCOLN ST,NEEDHAM,MA,02492-2900,781-444-6200,3358.16,885,138
139,PIONEER VALLEY CARDIOLOGY ASSOCIATES  INC,2 MEDICAL CTR DR,SPRINGFIELD,MA,01107-1269,413-781-5735,6328.84,890,139
140,CHIMA OHAEGBULAM MD PC,125 PAKER HILL AVE,BOSTON,MA,02120-2847,617-754-6420,8137.08,895,140
141,EYE HEALTH ASSOCIATES LLC,70 HUTTLESTON AVE,FAIRHAVEN,MA,02719-3140,508-994-2020,7620.44,900,141
142,ORTHOPAEDIC ASSOCIATES INC,1153 CENTRE ST,JAMAICA PLAIN,MA,02130-3446,617-522-9461,3745.64,905,142
143,CAPE ANN EYE SPECIALISTS  P.C.,35 MIDDLE ST,GLOUCESTER,MA,01930-5774,978-281-0600,7620.44,910,143
144,LOWER CAPE CHIROPRACTIC SERVICES INC,169 RT,ORLEANS,MA,02653-3206,508-255-5866,3616.48,915,144
145,WESTPORT CHIROPRACTIC  INC,637 STATE RD,WESTPORT,MA,02790-2819,508-679-5500,1033.28,920,145
146,GEMINI PHYSICAL THERAPY LLC,679 S MAIN ST,HAVERHILL,MA,01835-8721,978-372-3211,6587.16,925,146
147,CHIROPRACTIC CARE CENTERS INC,503 ELECTRIC AVE,FITCHBURG,MA,01420-5371,978-353-7716,9041.2,930,147
148,BAY STATE EXCELLENT VISION,600 MAIN ST,MALDEN,MA,02148-3919,781-321-6463,3616.48,935,148
149,SOUTH SHORE SKIN CENTER  LLC,223 CHIEF JUSTICE CUSHING HWY,COHASSET,MA,02025-1391,781-383-3340,7491.28,940,149
150,HAMPDEN PODIATRY ASSOCIATES,77 WINSOR ST,LUDLOW,MA,01056-3486,413-589-7287,4649.76,945,150
151,CRABBE CHIROPRACTIC  INC,132 S MAIN ST,ACUSHNET,MA,02743-2772,508-998-2800,5037.24,950,151
152,NEUROLOGY AND REHABILITATION  PC,300 MOUNT AUBURN ST,CAMBRIDGE,MA,02138-5600,617-868-0880,4649.76,955,152
153,ORTHOPEDIC AND SPORTS PHYSICAL THERAPY OF CAPE COD LLC,160 ROUTE 137,EAST HARWICH,MA,02645-1316,774-237-0832,29319.32,960,153
154,FOREST PARK EYE CARE PC,453 SUMNER AVE,SPRINGFIELD,MA,01108-2320,413-733-5155,9170.36,965,154
155,CHAMPIONSHIP PHYSICAL THERAPY LLC,57 PUTNAM ST,WINTHROP,MA,02152-2902,617-846-5609,3745.64,970,155
156,SAPERIA ORTHOPAEDICS AND SPORTS MEDICINE INC,72 WASHINGTON ST,TAUNTON,MA,02780-2491,508-824-1824,10074.48,975,156
157,BOSTON SPORTS MEDICINE INC,14 MCGRATH HWY,SOMERVILLE,MA,02143-4505,617-623-6300,5941.36,980,157
158,MICROSURGICAL EYE CONSULTANTS,31 CENTENNIAL DR,PEABODY,MA,01960-7901,978-531-4400,4003.96,985,158
159,CHARLTON FAMILY PRACTICE,246 SOUTHBRIDGE RD,CHARLTEN,MA,01507-7251,508-248-4801,6974.64,990,159
160,BARRY S PAUL  M.D.,480 LYNNFIELD ST,LYNN,MA,01904-1419,781-599-3730,3229,995,160
161,PROFESSIONAL PHYSICAL THERAPY AND SPORTS MEDICINE INC,620 OLD W CENTRAL ST,FRANKLIN,MA,02038-2912,508-528-6100,6587.16,1000,161
162,LC HOLBROOK  INC.,169 N FRANKLIN ST,HOLBROOK,MA,02343-1111,781-767-5200,6199.68,1005,162
163,READING CARDIOLOGY ASSOCIATES P.C.,21 MAIN ST,NORTH READING,MA,01864-2286,978-664-4600,9816.16,1010,163
164,PIONEER VALLEY OPHTHALMIC CONSULTANTS  P.C.,10 HOSPITAL DR,HOLYOKE,MA,01040-6643,413-536-3010,4908.08,1015,164
165,DENTAL SURGEONS OF FALL RIVER PC,516 HAWTHORN ST,NORTH DARTMOUTH,MA,02747-3733,508-992-0339,4649.76,1020,165
166,MONTAGUE PSYCHOLOGICAL ASSOCIATES,356 MONTAGUE CITY RD,TURNERS FALLS,MA,01376-1830,413-774-2981,4262.28,1025,166
167,DUFER LLC,235 CYPRESS ST,BROOKLINE,MA,02445-6777,617-860-6430,5295.56,1030,167
168,VISION SOURCE OF AMHERST AND GREENFIELD,22 UNIVERSITY DR,AMHERST,MA,01002-2243,413-549-9400,7232.96,1035,168
169,NEW ENGLAND NEPHROLOGY ASSOCIATES,100 ROSEBROOK WAY,WAREHAM,MA,02571-1138,508-291-1100,1549.92,1040,169
170,LYNNFIELD PSYCHOLOGICAL ASSOCIATES  PC,180 MAIN ST,LYNNFIELD,MA,01940-2514,781-334-2644,9557.84,1045,170
171,WESTON PRIMARY CARE  PC,56 COLPITTS RD,WESTON,MA,02493-1568,781-891-0906,774.96,1050,171
172,GL PEDIATRICS INC,33 BARTLETT ST,LOWELL,MA,01852-1318,978-452-2200,8912.04,1055,172
173,PLATINUM PHYSICAL THERAPY  INC.,15 W UNION ST,ASHLAND,MA,01721-1464,508-881-6750,9557.84,1060,173
174,MORTON SURGICAL  P.C.,72 WASHINGTON ST,TAUNTON,MA,02780-2470,508-824-4535,3874.8,1065,174
175,DERMATOLOGY ASSOCIATES PC,128 CARNEGIE ROW,NORWOOD,MA,02062-5010,781-762-5858,8137.08,1070,175
176,MOUNT AUBURN PATHOLOGISTS  INC.,330 MOUNT AUBURN ST,CAMBRIDGE,MA,02138-5502,617-499-5064,5941.36,1075,176
177,ORTHOPEDIC AND SPORTS PHYSICAL THERAPY  LLP,260 TREMONT ST,BOSTON,MA,02116-5603,617-636-5175,4391.44,1080,177
178,OUTBACK PHYSICAL THERAPY  INC.,149 A HIGHLAND AVE,SOMERVILLE,MA,02143-1650,617-718-9300,5037.24,1085,178
179,REHAB RESOLUTIONS INC,627 COLLEGE HWY,SOUTHWICK,MA,01077-9829,413-831-6167,11624.4,1090,179
180,CHAIR CITY FAMILY MEDICINE  PC,250 GREEN ST,GARDNER,MA,01440-1377,978-630-4455,1937.4,1095,180
181,NEURO BEHAVIORAL CENTER LLC,420 MAIN ST,WALPOLE,MA,02081-3753,508-660-1666,5037.24,1100,181
182,EXETER EYE ASSOCIATES LLC,159 SQUARE ONE MALL,SAUGUS,MA,01906-4181,781-231-1535,4778.92,1105,182
183,A PLUS CHIROPRACTIC MANAGEMENT INC,2360 CRANBERRY HWY,WEST WAREHAM,MA,02576-1208,508-273-0190,23507.12,1110,183
184,NANCY  LANDRY PLLC,1020 BROADWAY,SOMERVILLE,MA,02144-1819,617-628-2160,3874.8,1115,184
185,DERMCARE PHYSICIANS AND SURGEONS  LLC,27 VILLAGE SQ,CHELMSFORD,MA,01824-2712,978-244-0060,2583.2,1120,185
186,EYE ASSOCIATES OF SOMERVILLE INC.,174 BROADWAY,SOMERVILLE,MA,02145-3129,617-666-1800,4908.08,1125,186
187,NEW ENGLAND CONSULTANTS IN GASTROENTEROLOGY AND HEPATOLOGY PC,43 LINCOLN ST,FRAMINGHAM,MA,01702-8205,508-872-0508,4133.12,1130,187
188,GEORGE P CHATSON MD  PC,555 TURNPIKE ST,NORTH ANDOVER,MA,01845-5935,978-687-1151,4003.96,1135,188
189,MERCY FAMILY PRACTICE PC,250 GREEN ST,GARDNER,MA,01440-1377,978-632-6445,4262.28,1140,189
190,CARDIOLOGY ASSOCIATES OF GREATER LOWELL INC,33 BARTLETT ST,LOWELL,MA,01852-1334,978-452-7000,4908.08,1145,190
191,EYE EXAMS  LLC,339 SQUIRE RD,REVERE,MA,02151-4309,781-289-5900,3616.48,1150,191
192,ORTHOPEDIC AND SPORTS PHYSICAL THERAPY  LLP,161 COLLEGE AVE,MEDFORD,MA,02155-5528,617-627-5102,7362.12,1155,192
193,POSTUM EYE CARE INC,100 VALLEY PKWY,WHITINSVILLE,MA,01588-1743,508-234-4678,7749.6,1160,193
194,URGENT CARE SPECIALISTS PC,2040 BOSTON RD,WILBRAHAM,MA,01095-1380,413-599-3800,2712.36,1165,194
195,ADULT AND PEDIATRIC DERMATOLOGY  P.C.,340 MAPLE ST,MARLBORO,MA,01752-3295,508-460-9613,7620.44,1170,195
196,HARBOR MEDICAL ASSOCIATES  INC.,541 MAIN ST,S WEYMOUTH,MA,02190-1889,781-952-1433,3358.16,1175,196
197,WINCHESTER HOSPITAL,41 HIGHLAND AVE,WINCHESTER,MA,01890-1446,781-729-9000,2324.88,1180,197
198,BICKFORD HEALTH ASSOCIATES PC,714 MAIN ST,YARMOUTH PORT,MA,02675-2000,508-362-1600,7491.28,1185,1
199,DR KAREN RUSKIN AND ASSOCIATES INC,36 S MAIN ST,SHARON,MA,02067-1936,781-806-0913,4649.76,1190,2
200,STREFF ASSOCIATES  LLC,132 GREAT RD,STOW,MA,01775-1189,978-263-04395,16919.96,1195,3
201,FACIAL COSMETIC AND MAXILLOFACIAL SURGERY P.C.,382 N MAIN ST,EAST LONGMEADOW,MA,01028-1830,413-525-0100,3616.48,1200,4
202,CONNECTICUT VALLEY ORAL SURGERY ASSOCIATES  PC,285 HIGH ST,GREENFIELD,MA,01301-2608,413-774-2961,9428.68,1205,5
203,HILLTOWN COMMUNITY HEALTH CENTERS INC,58 OLD N RD,WORTHINGTON,MA,1098,413-238-5511,13303.48,1210,6
204,GATEWAY PHYSICAL THERAPY AND WELLNESS CORP,80 RUN WAY,LEE,MA,01238-9612,413-243-3477,904.12,1215,7
205,URGENT CARE SPECIALISTS PC,5 SHREWSBURY ST,HOLDEN,MA,01520-1960,508-829-3800,14078.44,1220,8
206,HARBOR MEDICAL ASSOCIATES  INC.,56 NEW DRIFTWAY,SCITUATE,MA,02066-4533,781-545-7243,7491.28,1225,9
207,ACO HEALTH SOLUTIONS  LLC,85 E MAIN ST,FALL RIVER,MA,02724-3348,774-992-7058,5037.24,1230,10
208,ORTHOPAEDIC SPECIALISTS OF MASSACHUSETTS PC,825 WASHINGTON ST,NORWOOD,MA,02062-3488,781-769-6720,4520.6,1235,11
209,NORTHAMPTON RADIOLOGIC ASSOCIATES  INC.,70 MAIN ST,FLORENCE,MA,01062-1466,413-774-6301,8782.88,1240,12
210,BEVERLY RADIOLOGY ASSOCIATES  INC.,2 BLACKBURN PLACE,GLOUCESTER,MA,1930,978-281-1500,1291.6,1245,13
211,STEWARD ST. ELIZABETH'S MEDICAL CENTER OF BOSTON  INC.,77 WARREN ST 1ST FLOOR AND 2ND FLOOR,BRIGHTON,MA,02135-3601,617-562-5200,3616.48,1250,14
212,MT. AUBURN CARDIOLOGY ASSOCIATES  INC.,725 CONCORD AVE,CAMBRIDGE,MA,02138-1092,617-497-1123,3745.64,1255,15
213,CENTER FOR PSYCHIATRIC MEDICINE PC,290 MERRIMACK ST,LAWRENCE,MA,01843-1782,978-685-8800,6199.68,1260,16
214,WACHUSETT RADIOLOGY INC,242 GREEN ST,GARDNER,MA,01440-1373,978-630-6235,4908.08,1265,17
215,DEDHAM OPHTHALMIC CONSULTANTS AND SURGEONS PC,980 -990 WASHINGTON ST,DEDHAM,MA,02026-6704,781-255-2222,8007.92,1270,18
216,DR. STEVEN M. BELANGER  P.C.,1030 PRESIDENT AVE,FALL RIVER,MA,02720-5923,508-235-6204,3616.48,1275,19
217,BROCKTON AREA MULTI-SERVICES  INC.,288 BEDFORD ST,WHITMAN,MA,02382-1820,781-447-6425,12011.88,1280,20
218,HD PHYSICAL THERAPY LLC,607 N AVE,WAKEFIELD,MA,01880-1322,781-587-0776,7103.8,1285,21
219,COMMONWEALTH PATHOLOGY PARTNERS PC,500 LYNNFIELD ST,LYNN,MA,01904-1424,781-477-3454,6458,1290,22
220,NEW ENGLAND INPATIENT SPECIALIST LLC,2033 MAIN ST,ATHOL,MA,01331-3535,978-669-5620,5424.72,1295,23
221,DALTON MEDICAL ASSOCIATES  LLP,33 N ST,DALTON,MA,01226-1202,413-684-2110,3099.84,1300,24
222,NEW ENGLAND SPINE CARE ASSOCIATES  LLC,799 CONCORD AVE,CAMBRIDGE,MA,02138-1048,617-547-7163,2324.88,1305,25
223,MILTON RADIOLOGISTS INC,199 REEDSDALE RD,MILTON,MA,02186-3926,617-696-4600,7232.96,1310,26
224,COMMUNITY HEALTHLINK INC,275 NICHOLS RD,FITCHBURG,MA,01420-1919,978-401-3970,7749.6,1315,27
225,MASS SPORT AND SPINE INC,940 HIGH ST,WESTWOOD,MA,02090-2762,781-708-9056,2066.56,1320,28
226,FCP  INC,76 CHURCH ST,WHITINSVILLE,MA,01588-1464,508-234-4181,13561.8,1325,29
227,ARRIGG ASSOCIATES   P.C.,439 S UNION ST,LAWRENCE,MA,01843-2800,978-686-2983,3745.64,1330,30
228,TEAMWORK PHYSICAL THERAPY INC,536 HAWTHORN ST,DARTMOUTH,MA,02747-3717,508-984-4896,5941.36,1335,31
229,HALLMARK IMAGING ASSOCIATES  PC,170 GOVERNORS AVE,MEDFORD,MA,02155-1643,781-306-6800,18986.52,1340,32
230,BOSTON UNIVERSITY AFFILIATED PHYSICIANS  INC.,900 WASHINGTON ST,NORWOOD,MA,02062-3498,617-414-9400,6974.64,1345,33
231,HALLMARK IMAGING ASSOCIATES  PC,41 MONTVALE AVE,STONEHAM,MA,02180-2429,781-224-5860,7749.6,1350,34
232,ROBERT J OBRIEN JR MD AND ASSOC PC,833 MAIN ST,MELROSE,MA,02176-2715,781-729-4878,3874.8,1355,35
233,HALLMARK IMAGING ASSOCIATES  PC,101 MAIN ST,MEDFORD,MA,02155-4540,781-391-2121,4391.44,1360,36
234,SOUTH SHORE OB-GYN HANOVER OB-GYN INC.,21 MAYOR MCGRATH HWY,QUINCY,MA,2169,617-773-6868,4391.44,1365,37
235,CROSSPOINT CLINICAL SERVICES INC,117 PARK AVE,WEST SPRINGFIELD,MA,01089-3371,413-732-7677,3616.48,1370,38
236,BEANTOWN PHYSIO  INC,1208 B VFW PKWY,WEST ROXBURY,MA,02132-4350,617-325-7246,7878.76,1375,39
237,HEALTHCARE SOUTH PC,56 NEW DRIFTWAY,SCITUATE,MA,02066-4533,781-544-1388,3616.48,1380,40
238,DRX UC SAUGUS PC,371 BROADWAY,SAUGUS,MA,01906-1905,781-233-1000,9299.52,1385,41
239,CHARLES RIVER MEDICAL ASSOCIATES  PC,162 MAIN ST,NORTHBOROUGH,MA,01532-1930,508-393-1307,6070.52,1390,42
240,MERRIMACK VALLEY PET PC,70 E ST,METHUEN,MA,01844-4597,978-689-4738,5424.72,1395,43
241,CHARLES RIVER MEDICAL ASSOCIATES  PC,730 MAIN ST,MILLIS,MA,02054-1612,508-376-2515,5037.24,1400,44
242,CHARLES RIVER MEDICAL ASSOCIATES  PC,20 HOMER AVE,ASHLAND,MA,01721-1752,508-881-5590,3229,1405,45
243,ALBERTO SOBRADO,170 PLEASANT ST,NORTH ANDOVER,MA,01845-2706,978-685-4925,3745.64,1410,46
244,JOHN MAGALHAES AND ASSOCIATES  INC.,382 STATE RD,DARTMOUTH,MA,02747-4302,508-991-4520,7749.6,1415,47
245,DR LAURA ANNE POTVIN PC,939 SALEM ST,GROVELAND,MA,01834-1566,978-374-8991,9687,1420,48
246,PONDVILLE MEDICAL ASSOCIATES LLC,31 PINE ST,NORFOLK,MA,02056-1680,508-623-3700,5941.36,1425,49
247,SOUTH SHORE WOMEN'S HEALTH  P.C.,689 BEDFORD ST,WHITMAN,MA,02382-1807,781-447-4001,15499.2,1430,50
248,EMERALD PHYSICIAN SERVICES  LLC,349 ROUTE 28 A,WEST YARMOUTH,MA,02673-4620,508-778-4777,3616.48,1435,51
249,HEALTH EXPRESS LLC,117 OLD CHURCH ST,PEMBROKE,MA,02359-1969,781-626-5170,3616.48,1440,52
250,ST. VINCENT RADIOLOGICAL ASSOC.  INC.,14 RICE RD,TEMPLETON,MA,01468-1332,978-939-2035,7491.28,1445,53
251,ELITE SPORTS INC,97 GREEN ST,FOXBOROUGH,MA,02035-2865,781-297-0979,8395.4,1450,54
252,ESSEX COUNTY OBGYN ASSOC INC,298 WASHINGTON ST,GLOUCESTER,MA,01930-4832,978-927-4800,4520.6,1455,55
253,BOSTON NEUROPSYCHOLOGICAL SERVICES  LLC,687 HIGHLAND AVE,NEEDHAM,MA,02494-2232,781-559-8444,3745.64,1460,56
254,VALLEY MEDICAL GROUP  P.C.,238 NORTHAMPTON ST,EASTHAMPTON,MA,01027-1046,413-529-9300,3616.48,1465,57
255,HOPEDALE CARDIOVASCULAR ASSOCIATES  LLC,236 MILFORD ST,UPTON,MA,01568-1309,508-473-1015,4133.12,1470,58
256,PHYSICAL THERAPY U INC,75 A SCOTLAND BLVD,BRIDGEWATER,MA,02324-2302,508-697-2000,6974.64,1475,59
257,COMMUNITY PHYSICIANS ASSOC INC,100 HIGHLAND ST,MILTON,MA,02186-3881,617-698-0099,9041.2,1480,60
258,WINCHESTER OB GYN ASSOCIATES  PC,1021 MAIN ST,WINCHESTER,MA,01890-1942,781-721-4701,2583.2,1485,61
259,NEUROLOGICAL ASSOCIATES OF WESTERN MA,15 HOSPITAL DR,HOLYOKE,MA,01040-6604,413-534-5135,8137.08,1490,62
260,MERRIMACK VALLEY PHYSICAL THERAPY,225 ESSEX ST,LAWRENCE,MA,01840-1553,978-208-0402,5037.24,1495,63
261,PHYSICIANS OF NORTH WORCESTER COUNTY,201 HIGHLAND ST,CLINTON,MA,01510-1037,978-368-3870,10332.8,1500,64
262,BRIAN D. TEDESCO DPM AND GEORGE A. ABBOUD DPM PC,10 RICHARDSON AVE,WAKEFIELD,MA,01880-2913,781-245-6995,5295.56,1505,65
263,PARTNERS IN REHABILITATION LLC,421 MERRIMACK ST,METHUEN,MA,01844-5865,978-689-4500,1679.08,1510,66
264,PARTNERS IN REHABILITATION LLC,880 BROADWAY,SAUGUS,MA,01906-3284,781-233-2111,2583.2,1515,67
265,JOHN M. SILISKI  M.D.  P.C.,1 HAWTHORNE PL,BOSTON,MA,02114-2333,617-726-8441,4391.44,1520,68
266,OCEAN STATE CARDIOVASCULAR AND VEIN CENTER  LLC,14 PROSPECT ST,MILFORD,MA,01757-3003,508-473-1190,7232.96,1525,69
267,BRIAN D. TEDESCO DPM AND GEORGE A. ABBOUD DPM PC,30 NEW CROSSING RD,READING,MA,01867-3270,617-629-2806,2324.88,1530,70
268,AMY EDALJI MD AND R ROGER KOMER MD,1180 BEACON ST,BROOKLINE,MA,02446-3806,617-739-6300,8266.24,1535,71
269,SPECIALIZED HEALTH MANAGEMENT INC,35 KNEELAND ST,BOSTON,MA,02111-1523,617-636-6389,8912.04,1540,72
270,PRESIDENT AND FELLOWS OF HARVARD COLLEGE,75 MOUNT AUBURN ST,CAMBRIDGE,MA,02138-4960,617-496-8700,4391.44,1545,73
271,ASSOCIATED PHYSICIANS OF HARVARD MEDICAL FACULTY PHYSICIANS AT BETH IS,199 REEDSDALE RD,MILTON,MA,02186-3900,617-313-1615,3616.48,1550,74
272,NORTH SUFFOLK MENTAL HEALTH ASSOCIATION  INC.,301 BROADWAY,CHELSEA,MA,02150-2807,617-912-7900,8782.88,1555,75
273,COMMUNITY HEALTH PROGRAMS INC,444 STOCKBRIDGE RD,GREAT BARRINGTON,MA,01230-1295,413-528-8580,5812.2,1560,76
274,CLINICAL AND SUPPORT OPTIONS  INC,1 ARCH PL,GREENFIELD,MA,01301-2457,413-774-1000,6845.48,1565,77
275,PRIMA CARE PC,67 SLADE'S FERRY BOULEVARD,SOMERSET,MA,02726-1220,508-676-3292,14853.4,1570,78
276,ARBOUR ELDER SERVICES  INC.,100 LEDGEWOOD PL,ROCKLAND,MA,02370-1075,781-871-6550,2583.2,1575,79
277,HRI CLINICS  INC.,411 CHANDLER ST,WORCESTER,MA,01602-3339,508-799-0688,3745.64,1580,80
278,NARRAGANSETT BAY ANESTHESIA  LLC,440 SWANSEA MALL,SWANSEA,MA,02777-4114,508-324-1171,3616.48,1585,81
279,COUNSELING ASSOCIATES OF DRACUT AND METHUEN,14 LOON HILL RD,DRACUT,MA,01826-4067,978-934-94441,5424.72,1590,82
280,PIONEER SPINE AND SPORTS PHYSICIANS PC,271 PARK ST,WEST SPRINGFIELD,MA,01089-3311,413-785-1153,14724.24,1595,83
281,ASSOCIATED PHYSICIANS OF HARVARD MEDICAL FACULTY PHYSICIANS AT BETH IS,199 REEDSDALE RD,MILTON,MA,02186-3926,617-696-4600,1162.44,1600,84
282,NORTH SUFFOLK MENTAL HEALTH ASSOCIATION  INC.,14 PORTER ST,EAST BOSTON,MA,02128-2116,617-569-3189,3358.16,1605,85
283,SOUTH SHORE RADIOLOGICAL ASSOCIATES  INC.,55 FOGG RD,SOUTH WEYMOUTH,MA,02190-2432,781-340-8000,5037.24,1610,86
284,BAY STATE COMMUNITY SERVICES INC,1120 HANCOCK ST,QUINCY,MA,02169-4313,617-471-8400,2324.88,1615,87
285,SOUTH COUNTY PHYSICAL THERAPY INC,489 WASHINGTON ST,AUBURN,MA,01501-2568,508-832-2628,4003.96,1620,88
286,FRAMINGHAM PODIATRY INC,61 LINCOLN ST,FRAMINGHAM,MA,01702-8264,508-872-9288,2583.2,1625,89
287,HARRINGTON MEMORIAL HOSPITAL  INC.,161 W MAIN ST,DUDLEY,MA,01571-3817,508-943-2944,6974.64,1630,90
288,SPORTS MEDICINE NORTH ORTHOPAEDIC SURGERY  INC.,2 1ST AVE,PEABODY,MA,01960-4962,978-818-6350,1808.24,1635,91
289,D'AMBROSIO EYE CARE INC,479 OLD UNION TURNPIKE,LANCASTER,MA,01523-3029,978-537-3900,5683.04,1640,92
290,COMMUNITY HEALTH PROGRAMS INC,19 DEPOT ST,ADAMS,MA,01220-1856,413-743-1080,4520.6,1645,93
291,MILTON CHIROPRACTIC AND REHABILITATION INC,1054 COUNTY ST,SOMERSET,MA,02726-5138,508-674-3340,7491.28,1650,94
292,MT AUBURN PROFESSIONAL SERVICES,355 WAVERLEY OAKS RD,WALTHAM,MA,02452-8480,781-893-5550,4262.28,1655,95
293,MASS LUNG AND ALLERGY PC,159 UNION ST,MARLBOROUGH,MA,01752-1274,508-486-5733,1420.76,1660,96
294,SOUTH COUNTY PHYSICAL THERAPY INC,73 CANAL ST,MILLBURY,MA,01527-3253,508-581-8703,3616.48,1665,97
295,LAHEY PHYSICIAN COMMUNITY ORGANIZATION I INC,790 BOSTON RD,BILLERICA,MA,01821-5938,781-505-8700,4003.96,1670,98
296,MILTON CHIROPRACTIC AND REHABILITATION INC,540 GALLIVAN BLVD,DORCHESTER,MA,02124-5400,617-282-1200,10720.28,1675,99
297,TOWARD INDEPENDENT LIVING AND LEARNING  INC.,20 EASTBROOK RD,DEDHAM,MA,02026-2075,781-329-9365,6716.32,1680,100
298,AMESBURY PSYCHOLOGICAL CENTER  INC,24 MORRILL PL,AMESBURY,MA,01913-3530,978-388-5700,3616.48,1685,101
299,HEALTHCARE SOUTH PC,340 WOOD RD,BRAINTREE,MA,02184-2404,781-803-2786,3099.84,1690,102
300,PEAK PHYSICAL THERAPY INC,10 NEW DRIFTWAY,SCITUATE,MA,02066-4546,781-378-2352,3229,1695,103
301,PRACTITIONER SUPPORT SERVICES LLP,888 WORCESTER ST,WELLESLEY,MA,02482-3749,781-690-6412,10074.48,1700,104
302,THERAFIT 1 AT RIVEREDGE  INC,176 WALKER ST,LOWELL,MA,01854-3126,978-452-9252,7620.44,1705,105
303,MILFORD IMAGING  INC.,281 E HARTFORD AVE,UXBRIDGE,MA,01569-1278,508-278-5573,6328.84,1710,106
304,HARRINGTON MEMORIAL HOSPITAL  INC.,336 THOMPSON RD,WEBSTER,MA,01570-1587,508-765-9771,4003.96,1715,107
305,ANJUM BAQAI MD PLLC,2 REHAB WAY,WOBURN,MA,01801-6003,781-935-5050,8007.92,1720,108
306,MT AUBURN PROFESSIONAL SERVICES,355 WAVERLEY OAKS RD,WALTHAM,MA,02452-8480,781-314-7600,258.32,1725,109
307,UNIVERSITY PATHOLOGISTS  LLC,43 HIGH ST,WAREHAM,MA,02571-2099,508-295-0880,9299.52,1730,110
308,SOUTH SHORE RADIOLOGICAL ASSOCIATES  INC.,26 ROCKWAY AVE,WEYMOUTH,MA,02188-3906,781-340-0154,3616.48,1735,111
309,AT CARE PLLC,907 E ST,CARLISLE,MA,01741-1214,978-610-6331,3616.48,1740,112
310,ADVANCED AUDIOLOGY ASSOCIATES INC,1586 MAIN ST,EAST DENNIS,MA,2641,508-385-5222,15370.04,1745,113
311,MT AUBURN PROFESSIONAL SERVICES,300 MT AUBURN ST,CAMBRIDGE,MA,2138,617-499-5026,10461.96,1750,114
312,NORTH SUFFOLK MENTAL HEALTH ASSOCIATION  INC.,301 B BROADWAY,CHELSEA,MA,02150-2830,617-912-7900,8007.92,1755,115
313,MERCY SPECIALIST PHYSICIANS  INC,1233 MAIN ST,HOLYOKE,MA,01040-5381,413-539-2845,1549.92,1760,116
314,ATRIUS HEALTH INC,40 HOLLAND ST,SOMERVILLE,MA,02144-2705,617-629-6000,5553.88,1765,117
315,RIVERBEND MEDICAL GROUP INC,444 MONTGOMERY ST,CHICOPEE,MA,01020-1969,413-594-3111,2454.04,1770,118
316,LAHEY CLINIC  INC.,233 LINCOLN AVE,HAVERHILL,MA,01830-6738,978-374-1010,4003.96,1775,119
317,MASSACHUSETTS EYE AND EAR ASSOCIATES  INC,1 COMPASS WAY,EAST BRIDGEWATER,MA,02333-1466,508-378-2058,3358.16,1780,120
318,STURDY MEMORIAL ASSOCIATES  INC.,7 WILKINS DR,PLAINVILLE,MA,02762-2257,508-695-1444,2195.72,1785,121
319,UMASS MEMORIAL MEDICAL GROUP  INC.,198 AYER RD,HARVARD,MA,01451-1163,978-456-2355,2583.2,1790,122
320,LAHEY CLINIC  INC.,1 ESSEX CTR DR,PEABODY,MA,01960-2901,978-538-4000,5424.72,1795,123
321,UMASS MEMORIAL MEDICAL GROUP  INC.,201 HIGHLAND ST,CLINTON,MA,01510-1037,978-368-3731,8395.4,1800,124
322,WACHUSETT EMERGENCY PHYSICIANS  PC,275 NICHOLS RD,FITCHBURG,MA,01420-1919,662-994-9784,3616.48,1805,125
323,CAMBRIDGE PUBLIC HEALTH COMMISSION,103 GARLAND ST,EVERETT,MA,02149-5095,617-389-6270,6458,1810,126
324,UMASS MEMORIAL MEDICAL GROUP  INC.,26 JULIO DR,SHREWSBURY,MA,01545-3020,508-845-2323,2454.04,1815,127
325,LAHEY CLINIC  INC.,152 CONANT ST,BEVERLY,MA,01915-1600,978-927-1919,3745.64,1820,128
326,CAMBRIDGE PUBLIC HEALTH COMMISSION,236 HIGHLAND AVE,SOMERVILLE,MA,02143-1495,617-591-6300,4003.96,1825,129
327,MILFORD REGIONAL PHYSICIAN GROUP INC,1003 S MAIN ST,BELLINGHAM,MA,02019-1826,508-883-0600,7232.96,1830,130
328,FAMILY HEALTH CENTER OF WORCESTER  INC.,26 QUEEN ST,WORCESTER,MA,01610-2473,508-860-7700,2195.72,1835,131
329,SOUTHCOAST PHYSICIANS GROUP  INC..,206 MILL RD,FAIRHAVEN,MA,02719-5208,508-973-3000,11624.4,1840,132
330,CARL GUSTAFSON LLC,141 BOSTON POST RD,SUDBURY,MA,01776-2405,781-541-5111,12528.52,1845,133
331,STURDY MEMORIAL ASSOCIATES  INC.,281 COUNTY ST,ATTLEBORO,MA,02703-3511,508-226-2213,6070.52,1850,134
332,CARL GUSTAFSON LLC,124 BROADWAY,SAUGUS,MA,01906-1094,781-941-5002,5812.2,1855,135
333,HOLYOKE MEDICAL CENTER INC,575 BEECH ST,HOLYOKE,MA,01040-2223,413-534-2820,2583.2,1860,136
334,HEBREW REHABILITATION CENTER,100 CENTRE ST,BROOKLINE,MA,02446-2805,617-363-8010,6458,1865,137
335,BAY STATE PHYSICAL THERAPY OF RANDOLPH PC,186 SUMMER ST,KINGSTON,MA,02364-1282,781-585-8588,6199.68,1870,138
336,MINUTECLINIC DIAGNOSTIC OF MASSACHUSETTS  LLC,24 W MAIN ST,NORTHBOROUGH,MA,01532-1910,866-389-2727,3099.84,1875,139
337,UMASS MEMORIAL MEDICAL GROUP  INC.,21 EASTERN AVE,WORCESTER,MA,01605-3094,508-856-2500,645.8,1880,140
338,MASSACHUSETTS EYE AND EAR ASSOCIATES  INC,1 MONTVALE AVE,STONEHAM,MA,02180-3559,781-279-0971,3616.48,1885,141
339,SIGNATURE HEALTHCARE MEDICAL GROUP INC,176 QUINCY AVE,BROCKTON,MA,02302-2803,508-941-7766,4391.44,1890,142
340,WESTERN MASS PHYSICIAN ASSOCIATES INC,262 NEW LUDLOW RD,CHICOPEE,MA,01020-4488,413-552-3250,7620.44,1895,143
341,MARATHON PHYSICAL THERAPY AND SPORTS MEDICINE  LLC,250 E MAIN ST,NORTON,MA,02766-2436,508-285-5533,4520.6,1900,144
342,WINCHESTER PHYSICIAN ASSOCIATES INC,12 ALFRED ST,WOBURN,MA,01801-1915,781-756-4070,6328.84,1905,145
343,RIVERSIDE COMMUNITY CARE INC,206 MILFORD ST,UPTON,MA,01568-1309,508-529-7000,7232.96,1910,146
344,SOUTHCOAST PHYSICIANS GROUP  INC..,300 B FAUNCE CORNER RD,NORTH DARTMOUTH,MA,02747-1257,508-973-1020,3099.84,1915,147
345,MASSACHUSETTS GENERAL PHYSICIANS ORGANIZATION  INC,151 EVERETT AVE,CHELSEA,MA,02150-1812,617-884-8300,4649.76,1920,148
346,CAMBRIDGE PUBLIC HEALTH COMMISSION,26 CENTRAL ST,SOMERVILLE,MA,02143-2827,617-665-3220,4908.08,1925,149
347,UMASS MEMORIAL MEDICAL GROUP  INC.,24 JULIO DR,SHREWSBURY,MA,01545-3053,508-845-1436,2583.2,1930,150
348,NANTUCKET COTTAGE HOSPITAL,57 PROSPECT ST,NANTUCKET,MA,02554-2799,508-825-8100,9041.2,1935,151
349,UHS OF WESTWOOD PEMBROKE INC,199 OAK ST,PEMBROKE,MA,02359-1912,781-829-7000,10591.12,1940,152
350,MASSACHUSETTS GENERAL PHYSICIANS ORGANIZATION  INC,311 SERVICE RD,EAST SANDWICH,MA,02537-1370,508-833-4000,11366.08,1945,153
351,UMASS MEMORIAL MEDICAL GROUP  INC.,604 MAIN ST,SHREWSBURY,MA,01545-5663,508-842-6502,2841.52,1950,154
352,RADIOLOGY AND IMAGING  INC.,85 S ST,WARE,MA,01082-1625,413-967-6211,8395.4,1955,155
353,WINCHESTER PHYSICIAN ASSOCIATES INC,140 HAVERHILL ST,ANDOVER,MA,01810-1550,978-470-1616,9170.36,1960,156
354,STEWARD MEDICAL GROUP  INC,324 MASSACHUSETTS AVE,LUNENBURG,MA,01462-1219,978-582-4587,6587.16,1965,157
355,HARMELING PHYSICAL THERAPY AND SPORTS FITNESS INC,33 UPTON DR,WILMINGTON,MA,01887-4410,978-694-1440,3358.16,1970,158
356,RELIANT MEDICAL GROUP  INC,460 SOUTHBRIDGE ST,AUBURN,MA,01501-2442,774-221-5135,2583.2,1975,159
357,MEDEXPRESS URGENT CARE PC MASSACHUSETTS,430 COOLEY ST,SPRINGFIELD,MA,01128-1180,413-782-0320,3099.84,1980,160
358,BAY STATE PHYSICAL THERAPY OF RANDOLPH PC,45 FORGE HILL RD,FRANKLIN,MA,02038-3100,508-541-9111,4908.08,1985,161
359,OUTER CAPE HEALTH SERVICES INC,3130 STATE HWY RTE 6,WELLFLEET,MA,02667-7402,508-349-3131,8007.92,1990,162
360,TOTAL WELLNESS CENTERS  LLC,1681 WASHINGTON ST,BRAINTREE,MA,02184-7948,781-348-9041,9170.36,1995,163
361,SIGNATURE HEALTHCARE MEDICAL GROUP INC,1300 BELMONT ST,BROCKTON,MA,02301-4433,508-584-8160,4520.6,2000,164
362,STURDY MEMORIAL ASSOCIATES  INC.,14 TAUNTON AVE,NORTON,MA,02766-2707,508-285-9500,4520.6,2005,165
363,STEWARD MEDICAL GROUP  INC,11 NEVINS ST,BOSTON,MA,02135-3514,617-789-2740,4520.6,2010,166
364,PARTNERS URGENT CARE  LLC,11 MOUNT AUBURN ST,WATERTOWN,MA,02472-3923,857-214-2970,3616.48,2015,167
365,CAMBRIDGE PUBLIC HEALTH COMMISSION,391 BROADWAY,EVERETT,MA,02149-3471,617-389-0045,2970.68,2020,168
366,BAYSTATE MEDICAL PRACTICES INC,100 WASON AVE,SPRINGFIELD,MA,01107-1381,413-788-6139,10849.44,2025,169
367,SIGNATURE HEALTHCARE MEDICAL GROUP INC,545 BEDFORD ST,BRIDGEWATER,MA,02324-3117,508-697-3677,3616.48,2030,170
368,LAHEY CLINIC  INC.,77 HERRICK ST,BEVERLY,MA,01915-2734,978-998-4601,5812.2,2035,171
369,PROEX PHYSICAL THERAPY  LLC,11 WATER ST,ARLINGTON,MA,02476-4814,603-427-8066,3616.48,2040,172
370,STURDY MEMORIAL ASSOCIATES  INC.,60 MESSENGER ST,PLAINVILLE,MA,02762-2258,508-698-0055,3874.8,2045,173
371,MINUTECLINIC DIAGNOSTIC OF MASSACHUSETTS  LLC,1880 OCEAN ST,MARSHFIELD,MA,02050-4906,866-389-2727,8395.4,2050,174
372,WINCHESTER PHYSICIAN ASSOCIATES INC,2345 MAIN ST,TEWKSBURY,MA,01876-3125,978-658-9931,3874.8,2055,175
373,RIVERBEND MEDICAL GROUP INC,1109 GRANBY RD,CHICOPEE,MA,01020-1568,413-523-0999,1291.6,2060,176
374,ATRIUS HEALTH INC,40 HOLLAND ST,SOMERVILLE,MA,02144-2705,617-629-6220,2712.36,2065,177
375,MINUTECLINIC DIAGNOSTIC OF MASSACHUSETTS  LLC,626 SOUTHERN ARTERY,QUINCY,MA,02169-5648,866-389-2727,8395.4,2070,178
376,MEDICAL CARE OF BOSTON MANAGEMENT CORPORATION,88 WHARF ST,MILTON,MA,02186-3429,617-696-7601,4003.96,2075,179
377,RIVERSIDE COMMUNITY CARE INC,450 WASHINGTON ST,DEDHAM,MA,02026-4455,781-329-0909,6716.32,2080,180
378,MINUTECLINIC DIAGNOSTIC OF MASSACHUSETTS  LLC,215 ALEWIFE BROOK PKWY,CAMBRIDGE,MA,02138-1101,866-389-2727,4649.76,2085,181
379,MEDICAL CARE OF BOSTON MANAGEMENT CORPORATION,637 WASHINGTON ST,BROOKLINE,MA,02446-4579,617-754-1700,1808.24,2090,182
380,RIVERSIDE COMMUNITY CARE INC,78 COLLEGE AVE,SOMERVILLE,MA,02144-1916,617-623-5487,5166.4,2095,183
381,SIGNATURE HEALTHCARE MEDICAL GROUP INC,1215 BROADWAY,RAYNHAM,MA,02767-1942,508-894-0400,7491.28,2100,184
382,SOUND PHYSICIANS OF MASSACHUSETTS INC,1400 STATE ST,SPRINGFIELD,MA,01109-2550,413-797-6700,5295.56,2105,185
383,SIGNATURE HEALTHCARE MEDICAL GROUP INC,360 BROCKTON AVE,ABINGTON,MA,02351-2186,781-878-1700,6070.52,2110,186
384,HARMELING PHYSICAL THERAPY AND SPORTS FITNESS INC,255 GRAPEVINE RD,WENHAM,MA,01984-1813,978-524-0000,3616.48,2115,187
385,MEDEXPRESS URGENT CARE PC MASSACHUSETTS,1505 MEMORIAL DR,CHICOPEE,MA,01020-3900,413-533-3049,8395.4,2120,188
386,NORTH SHORE PHYSICIANS GROUP INC,496 LYNNFIELD ST,LYNN,MA,01904-1423,781-593-3400,1679.08,2125,189
387,UMASS MEMORIAL MEDICAL GROUP  INC.,326 NICHOLS RD,FITCHBURG,MA,01420-5140,978-343-5270,3616.48,2130,190
388,METROWEST RADIOLOGY ASSOCIATES  INC,67 UNION ST,NATICK,MA,01760-7700,508-650-7333,2583.2,2135,191
389,RIVER VALLEY COUNSELING CENTER INC,259 EXCHANGE ST,CHICOPEE,MA,01013-1679,413-594-2141,7103.8,2140,192
390,MASSACHUSETTS GENERAL PHYSICIANS ORGANIZATION  INC,19 NORWOOD ST,EVERETT,MA,02149-2709,617-394-7500,6070.52,2145,193
391,SOUTHCOAST PHYSICIANS GROUP  INC..,208 MILL RD,FAIRHAVEN,MA,02719-5208,508-758-3781,12141.04,2150,194
392,STEWARD MEDICAL GROUP  INC,11 NEVINS ST,BRIGHTON,MA,02135-3514,617-789-2045,6458,2155,195
393,RELIANT MEDICAL GROUP  INC,106 E MAIN ST,WESTBORO,MA,01581-1494,508-366-8836,4520.6,2160,196
394,WESTERN MASS PHYSICIAN ASSOCIATES INC,2 HOSPITAL DR,HOLYOKE,MA,01040-6616,413-536-8924,3229,2165,197
395,MASSACHUSETTS EYE AND EAR ASSOCIATES  INC,3 WOODLAND RD,STONEHAM,MA,02180-1711,781-662-5520,4133.12,2170,1
396,DAVIS SQUARE CHIROPRACTIC  PC,71 HOLLAND ST,SOMERVILLE,MA,02144-2733,617-625-8707,2066.56,2175,2
397,HALLMARK HEALTH MEDICAL ASSOCIATES INC,200 GOVERNORS AVE,MEDFORD,MA,02155-1644,781-391-5400,3487.32,2180,3
398,CENTER FOR HUMAN DEVELOPMENT  INC.,246 PARK ST,WEST SPRINGFIELD,MA,01089-3314,413-737-4718,10978.6,2185,4
399,SOUTHCOAST PHYSICIANS GROUP  INC..,1030 PRESIDENT AVE,FALL RIVER,MA,02720-5929,508-973-1780,14853.4,2190,5
400,NORTH SHORE PHYSICIANS GROUP INC,55 HIGHLAND AVE,SALEM,MA,01970-2100,978-745-4489,5424.72,2195,6
401,CAMBRIDGE PUBLIC HEALTH COMMISSION,5 MIDDLESEX AVE,SOMERVILLE,MA,02145-1119,617-591-4600,2841.52,2200,7
402,MINUTECLINIC DIAGNOSTIC OF MASSACHUSETTS  LLC,501 BOSTON POST RD,SUDBURY,MA,01776-3335,866-389-2727,1679.08,2205,8
403,MARATHON PHYSICAL THERAPY AND SPORTS MEDICINE  LLC,100 B WASHINGTON ST,CANTON,MA,02021-4000,781-214-6505,10849.44,2210,9
404,HARRINGTON PHYSICIAN SERVICES INC,78 SUTTON AVE,OXFORD,MA,01540-1813,508-499-1760,2712.36,2215,10
405,ANAESTHESIA ASSOCIATES OF MASSACHUSETTS  PC,45 STERGIS WAY,DEDHAM,MA,02026-2637,617-877-6223,12011.88,2220,11
406,MILFORD REGIONAL PHYSICIAN GROUP INC,200 COMMERCE DR,NORTHBRIDGE,MA,01534-1425,508-234-6260,6587.16,2225,12
407,MARATHON PHYSICAL THERAPY AND SPORTS MEDICINE  LLC,2 BELMONT ST,EASTON,MA,2334,857-444-7026,3358.16,2230,13
408,SPINE AND SPORTS INJURY CENTER  P.C.,209 COLUMBUS AVE,BOSTON,MA,02116-5109,617-247-2300,3616.48,2235,14
409,PERFORMANCE REHABILITATION OF WESTERN NEW ENGLAND LLC,124 MYRON ST,WEST SPRINGFIELD,MA,01089-1420,413-781-7538,4520.6,2240,15
410,URGENT CARE MEDICAL ASSOCIATES  LLC,1019 TRAPELO RD,WALTHAM,MA,02452-4843,781-736-1800,4391.44,2245,16
411,MINUTECLINIC DIAGNOSTIC OF MASSACHUSETTS  LLC,300 CANAL ST,SALEM,MA,01970-4558,866-389-2727,7232.96,2250,17
412,SOUTHCOAST PHYSICIANS GROUP  INC..,208 MILL RD,FAIRHAVEN,MA,02719-5208,508-973-2432,2970.68,2255,18
413,RIVERBEND MEDICAL GROUP INC,1158 SPRINGFIELD ST,FEEDING HILLS,MA,01030-2185,413-786-1500,1937.4,2260,19
414,MILFORD REGIONAL PHYSICIAN GROUP INC,835 W CENTRAL ST,FRANKLIN,MA,02038-3188,508-541-8000,2066.56,2265,20
415,RIVERSIDE COMMUNITY CARE INC,5 SACRAMENTO ST,CAMBRIDGE,MA,02138-1812,617-354-2275,8137.08,2270,21
416,CAREWELL URGENT CARE CENTERS OF MA  PC,349 BROADWAY,SOMERVILLE,MA,02145-2407,617-302-4194,15628.36,2275,22
417,WINCHESTER PHYSICIAN ASSOCIATES INC,100 ANDOVER BYPASS ST,NORTH ANDOVER,MA,01845-5820,978-688-9979,9299.52,2280,23
418,MINUTECLINIC DIAGNOSTIC OF MASSACHUSETTS  LLC,105 MAIN ST,MAYNARD,MA,01754-2514,866-389-2727,4778.92,2285,24
419,DRX UC WATERTOWN PC,376 ARSENAL ST,WATERTOWN,MA,02472-2892,617-923-2273,2066.56,2290,25
420,UMASS MEMORIAL MEDICAL GROUP  INC.,103 MILLBURY ST,AUBURN,MA,01501-3205,508-721-4100,904.12,2295,26
421,HARRINGTON PHYSICIAN SERVICES INC,255 E OLD STURBRIDGE RD,BRIMFIELD,MA,01010-9647,413-245-0966,12141.04,2300,27
422,MILFORD REGIONAL PHYSICIAN GROUP INC,100 COMMERCE DR,NORTHBRIDGE,MA,01534-1415,508-234-6311,5424.72,2305,28
423,BOSTON UNIVERSITY NEUROLOGY ASSOCIATES INC,250 POND ST,BRAINTREE,MA,02184-5351,781-348-2500,4391.44,2310,29
424,STEWARD ST. ANNE'S HOSPITAL CORPORATION,537 FAUNCE CORNER RD,NORTH DARTMOUTH,MA,02747-1242,508-961-0710,4908.08,2315,30
425,BAY STATE PHYSICAL THERAPY OF RANDOLPH PC,175 ESSEX ST,SWAMPSCOTT,MA,01907-1150,781-586-0550,6587.16,2320,31
426,WINCHESTER PHYSICIAN ASSOCIATES INC,92 MONTVALE AVE,STONEHAM,MA,02180-3625,781-438-1800,4003.96,2325,32
427,CAREWELL URGENT CARE CENTERS OF MA  PC,1400 CAMBRIDGE ST,CAMBRIDGE,MA,02139-1105,617-714-4534,3616.48,2330,33
428,MINUTECLINIC DIAGNOSTIC OF MASSACHUSETTS  LLC,189 WATERTOWN ST,WATERTOWN,MA,02472-2571,866-389-2727,7103.8,2335,34
429,SIGNATURE HEALTHCARE MEDICAL GROUP INC,430 LIBERTY ST,HANSON,MA,02341-1113,781-293-3838,1808.24,2340,35
430,SOUTH BAY MENTAL HEALTH CENTER  INC.,35 CONGRESS ST,SALEM,MA,01970-7312,978-542-1951,9816.16,2345,36
431,MASSACHUSETTS GENERAL PHYSICIANS ORGANIZATION  INC,440 FOLEY ST,SOMERVILLE,MA,02145-1213,857-282-0777,8395.4,2350,37
432,UMASS MEMORIAL MEDICAL GROUP  INC.,281 E HARTFORD AVE,UXBRIDGE,MA,01569-1278,508-278-5573,12657.68,2355,38
433,BOSTON UNIVERSITY MALLORY PATHOLOGY ASSOCIATES  INC.,1 BOSTON MEDICAL CTR PL,BOSTON,MA,02118-2908,617-638-5633,4003.96,2360,39
434,PERFORMANCE REHABILITATION OF WESTERN NEW ENGLAND LLC,4110 MYSTIC VALLEY PKWY,MEDFORD,MA,02155-6931,781-960-6030,5295.56,2365,40
435,CD PRACTICE ASSOCIATES INC,14 WILLIAMS ST,WILLIAMSBURG,MA,01096-9427,413-268-3616,10978.6,2370,41
436,MINUTECLINIC DIAGNOSTIC OF MASSACHUSETTS  LLC,323 N MAIN ST,UXBRIDGE,MA,01569-1757,866-389-2727,1937.4,2375,42
437,MINUTECLINIC DIAGNOSTIC OF MASSACHUSETTS  LLC,222 MAIN ST,WILMINGTON,MA,01887-2341,866-389-2727,14336.76,2380,43
438,SAINT VINCENT PHYSICIAN SERVICES INC,813 SOUTHBRIDGE ST,AUBURN,MA,01501-1323,508-832-0173,4649.76,2385,44
439,UMASS MEMORIAL MEDICAL GROUP  INC.,116 BELMONT ST,WORCESTER,MA,01605-2964,508-334-1102,3874.8,2390,45
440,HALLMARK HEALTH MEDICAL ASSOCIATES INC,109 COMMERCIAL ST,MALDEN,MA,02148-5509,781-388-4160,20794.76,2395,46
441,RENAL AND TRANSPLANT ASSOCIATES OF NEW ENGLAND PC,10 HOSPITAL DR,HOLYOKE,MA,01040-6603,413-535-3155,1549.92,2400,47
442,LGH MEDICAL GROUP  INC.,3 MEETING HOUSE RD,CHELMSFORD,MA,01824-2738,978-256-3638,3874.8,2405,48
443,HALLMARK HEALTH MEDICAL ASSOCIATES INC,3 WOODLAND RD,STONEHAM,MA,02180-1710,781-665-7557,3358.16,2410,49
444,RENZ COUNSELING  LLC,378 PAGE ST,STOUGHTON,MA,02072-1124,339-364-8080,6587.16,2415,50
445,HALLMARK HEALTH MEDICAL ASSOCIATES INC,425 REVERE ST,REVERE,MA,02151-4543,781-286-1313,4133.12,2420,51
446,MEDICAL CARE OF BOSTON MANAGEMENT CORPORATION,501 JOHN MAHAR HWY,BRAINTREE,MA,02184-6562,781-356-4900,3745.64,2425,52
447,MASS OPTOMETRIC ASSOCIATES  PLLC,344 RUSSELL ST,HADLEY,MA,01035-5904,413-584-0452,6199.68,2430,53
448,PHYSICAL THERAPY AND SPORTS REHAB INC,50 RANDALL RD,WRENTHAM,MA,02093-1548,781-769-2040,12399.36,2435,54
449,NORTHEAST MEDICAL PRACTICE INC,280 UNION ST,LYNN,MA,01901-1353,781-596-3800,6070.52,2440,55
450,STEWARD MEDICAL GROUP  INC,1 COMPASS WAY,EAST BRIDGEWATER,MA,02333-1464,508-350-2400,6587.16,2445,56
451,THE LEARNING CENTER FOR THE DEAF INC,848 CENTRAL ST,FRAMINGHAM,MA,01701-4815,508-875-4559,9041.2,2450,57
452,GORDON COLLEGE,255 GRAPEVINE RD,WENHAM,MA,01984-1813,978-867-4095,3229,2455,58
453,ATRIUS HEALTH INC,111 GROSSMAN DR,BRAINTREE,MA,02184-4945,781-849-1000,8524.56,2460,59
454,RELIANT MEDICAL GROUP  INC,35 MILLBURY ST,AUBURN,MA,01501-3203,508-721-1101,6845.48,2465,60
455,STEWARD MEDICAL GROUP  INC,736 CAMBRIDGE ST,BRIGHTON,MA,02135-2907,617-526-7026,8007.92,2470,61
456,STURDY MEMORIAL ASSOCIATES  INC.,538 WINTHROP ST,REHOBOTH,MA,2763,508-336-9200,8266.24,2475,62
457,HALLMARK HEALTH MEDICAL ASSOCIATES INC,101 MAIN ST,MEDFORD,MA,02155-4530,781-391-2939,3616.48,2480,63
458,MEDICAL CARE OF BOSTON MANAGEMENT CORPORATION,589 HIGHLAND AVE,NEEDHAM,MA,02494-2205,781-455-9090,5941.36,2485,64
459,MINUTECLINIC DIAGNOSTIC OF MASSACHUSETTS  LLC,35 W MAIN ST,NORTON,MA,02766-2711,866-389-2727,4003.96,2490,65
460,ANCHOR MEDICAL GROUP AND WELLNESS CENTER PC,85 W ST,WALPOLE,MA,02081-1844,508-660-0060,8395.4,2495,66
461,HARVARD MEDICAL FACULTY PHYS AT BETH ISRAEL DEACONESS MED CTR  INC.,25 HIGHLAND AVE,NEWBURYPORT,MA,01950-3894,978-463-1000,3745.64,2500,67
462,BAYSTATE MEDICAL PRACTICES INC,140 HIGH ST,SPRINGFIELD,MA,01105-1442,413-794-2511,774.96,2505,68
463,WINCHESTER PHYSICIAN ASSOCIATES INC,7 ALFRED ST,WOBURN,MA,01801-1900,781-756-7800,11882.72,2510,69
464,ODONATA PSYCHOTHERAPY AND RETREAT CENTER LLC,19 PINE RD,FORESTDALE,MA,02644-1413,774-228-2609,2970.68,2515,70
465,MILFORD REGIONAL PHYSICIAN GROUP INC,12 UXBRIDGE RD,MENDON,MA,01756-1094,508-634-6825,3358.16,2520,71
466,UROLOGY CONSULTANTS OF NS,1 WALLACE BASHAW JR WAY,NEWBURGPORT,MA,1950,978-997-1400,8137.08,2525,72
467,HARVARD MEDICAL FACULTY PHYS AT BETH ISRAEL DEACONESS MED CTR  INC.,41 HIGHLAND AVE,WINCHESTER,MA,01890-1496,781-729-9000,1937.4,2530,73
468,BACK ON TRACK  P.C.,5 BENNETT ST,CAMBRIDGE,MA,02138-5750,617-441-0800,4649.76,2535,74
469,MINUTECLINIC DIAGNOSTIC OF MASSACHUSETTS  LLC,234 WASHINGTON ST,HUDSON,MA,01749-3735,866-389-2727,2066.56,2540,75
470,BOSTON HEALTH CARE FOR THE HOMELESS PROGRAM INC,170 MORTON ST,JAMAICA PLAIN,MA,02130-3735,617-971-3229,3616.48,2545,76
471,WESTFIELD MEDICAL CORPORATION,24 N WESTFIELD ST,FEEDING HILLS,MA,01030-1606,413-831-7800,5424.72,2550,77
472,BERKSHIRE FACULTY SERVICES INC,2 PARK ST,ADAMS,MA,01220-2032,413-743-1263,3616.48,2555,78
473,LAHEY CLINIC  INC.,5 E MAIN ST,MERRIMAC,MA,01860-2005,978-346-9733,5166.4,2560,79
474,MEDICAL CARE OF BOSTON MANAGEMENT CORPORATION,100 HIGHLAND ST,MILTON,MA,02186-3881,617-696-5030,3616.48,2565,80
475,MINUTECLINIC DIAGNOSTIC OF MASSACHUSETTS  LLC,266 NEW STATE HWY,RAYNHAM,MA,02767-5446,866-389-2727,8137.08,2570,81
476,MILFORD REGIONAL PHYSICIAN GROUP INC,1 LUMBER ST,HOPKINTON,MA,01748-2363,508-625-3535,5812.2,2575,82
477,HALLMARK HEALTH MEDICAL ASSOCIATES INC,280 BEACH ST,REVERE,MA,02151-3143,781-289-2266,2583.2,2580,83
478,JOSHI MEDICAL SERVICES  PC,16 PINE ST,LOWELL,MA,01851-3100,978-670-1300,6716.32,2585,84
479,PERFORMANCE REHABILITATION OF WESTERN NEW ENGLAND LLC,124 BROADWAY,SAUGUS,MA,01906-1094,781-941-5002,7620.44,2590,85
480,BAYSTATE MEDICAL PRACTICES INC,48 SANDERSON ST,GREENFIELD,MA,01301-2778,413-794-5600,4133.12,2595,86
481,UMASS MEMORIAL MEDICAL GROUP  INC.,44 CENTRAL ST,BERLIN,MA,01503-1225,978-838-2330,14982.56,2600,87
482,UMASS MEMORIAL MEDICAL GROUP  INC.,47 ASHBY STATE RD,FITCHBURG,MA,01420-2038,978-345-1040,1679.08,2605,88
483,MEDICAL CARE OF BOSTON MANAGEMENT CORPORATION,63 PARKER HILL AVE,ROXBURY CROSSING,MA,02120-3218,617-975-0110,1679.08,2610,89
484,BAYSTATE MEDICAL PRACTICES INC,1400 STATE ST,SPRINGFIELD,MA,01109-2550,413-787-6700,3229,2615,90
485,THE COMMONWEALTH OF MASSACHUSETTS,830 COUNTY RD,POCASSET,MA,02559-2198,508-564-9600,5553.88,2620,91
486,HARVARD MEDICAL FACULTY PHYS AT BETH ISRAEL DEACONESS MED CTR  INC.,57 PROSPECT ST,NANTUCKET,MA,02554-2799,508-825-8100,4262.28,2625,92
487,BAY STATE PHYSICAL THERAPY OF RANDOLPH PC,7 HERRING POND RD,CEDARVILLE,MA,02360-6903,508-833-5180,13303.48,2630,93
488,MASHPEE FAMILY MEDICINE,5 INDUSTRIAL DRIVE,MASHPEE,MA,2649,508-477-4282,11770.78133,2635,94
489,PRIMA CARE WALK IN CLINIC,289 PLEASANT STREET,FALL RIVER,MA,2721,508-674-7779,13719.25219,2640,95
490,TRU MEDICAL WALK IN CLINIC,140 NAUSET STREET,NEW BEDFORD,MA,2746,508-990-8260,15667.72305,2645,96
491,TRU MEDICAL WALK IN CENTER,528 NEWTON STREET,FALL RIVER,MA,2721,508-675-1522,17616.1939,2650,97
492,METROMEDIC WALK IN CLINIC,1155 PURCHASE STREET,NEW BEDFORD,MA,2740,508-997-2900,19564.66476,2655,98
493,SAINTS WALK-IN MEDICAL CENTER - URGENT CARE AND OCCUPATIONAL HEALTH,1230 BRIDGE STREET,LOWELL,MA,1850,978-459-2273,21513.13562,2660,99
494,URGENT CARE MEDICAL CLINIC,629 PLEASANT STREET,BROCKTON,MA,2301,508-583-0010,23461.60648,2665,100
495,FAMILY MEDICAL CENTER,210 WASHINGTON STREET,FAIRHAVEN,MA,2719,508-992-5546,25410.07733,2670,101
496,ROUTE 6 WALK IN EMERGENCY OFFICE,1589 FALL RIVER AVENUE,SEEKONK,MA,2771,508-336-4550,27358.54819,2675,102
497,HANOVER FAMILY HEALTH AND URGENT CARE,1399 WASHINGTON STREET,HANOVER,MA,2339,781-829-1000,29307.01905,2680,103
498,WALK IN AND PRIMARY CARE,808 MAIN STREET,WALTHAM,MA,2451,781-894-8200,31255.4899,2685,104
499,SAINTS WALK-IN MEDICAL CENTER - URGENT CARE AND OCCUPATIONAL HEALTH,85 PARKHURST ROAD,CHELMSFORD,MA,1824,978-458-6868,33203.96076,2690,105
500,CHELSEA MGH HEALTH CENTER MEDICAL WALK IN,151 EVERETT AVENUE,CHELSEA,MA,2150,617-884-8300,35152.43162,2695,106
501,HARVARD VANGUARD BRAINTREE PRACTICE URGENT CARE,111 GROSSMAN DRIVE,BRAINTREE,MA,2184,781-849-1000,37100.90248,2700,107
502,HAMPDEN COUNTY URGENT MEDICAL CARE CENTER,98 SHAKER ROAD,EAST LONGMEADOW,MA,1028,413-525-3958,39049.37333,2705,108
503,FAMILY CARE MEDICAL CENTER / URGENT CARE PHYSICIAN,1515 ALLEN STREET,SPRINGFIELD,MA,1118,413-783-9114,40997.84419,2710,109
504,FAMILY HEALTH CENTER,26 QUEEN STREET,WORCESTER,MA,1610,508-860-7777,42946.31505,2715,110
505,WINCHESTER HOSPITAL FAMILY MEDICAL CENTER,500 SALEM STREET,WILMINGTON,MA,1887,978-988-6105,44894.7859,2720,111
506,MID CAPE MEDICAL CENTER,489 BEARSES WAY,HYANNIS,MA,2601,508-771-4092,46843.25676,2725,112
507,CODMAN SQUARE HEALTH CENTER,637 WASHINGTON STREET,DORCHESTER,MA,2124,617-825-9660,48791.72762,2730,113
508,CONCENTRA URGENT CARE - WILMINGTON,66B CONCORD STREET,WILMINGTON,MA,1887,978-657-3826,50740.19848,2735,114
509,URGENT CARE MEDICAL CLINIC,581 BOYLSTON STREET,BOSTON,MA,2116,617-247-1400,52688.66933,2740,115
510,TAUNTON WALK IN HEALTH CLINIC,58 TREMONT STREET,TAUNTON,MA,2780,508-822-2311,54637.14019,2745,116
511,GREAT BROOK VALLEY HEALTH CENTER,19 TACOMA STREET,WORCESTER,MA,1605,508-852-1805,56585.61105,2750,117
512,LAHEY CLINIC NORTHSHORE,1 ESSEX CENTER DRIVE,PEABODY,MA,1960,978-538-4000,58534.0819,2755,118
513,FALL RIVER MEDICAL EMERGENCY WALK IN CLINIC,427 PLYMOUTH AVENUE,FALL RIVER,MA,2721,508-679-0010,60482.55276,2760,119
514,FALMOUTH HOSPITAL CLINIC AT BOURNE,1 TROWBRIDGE ROAD,BUZZARDS BAY,MA,2532,508-743-0322,62431.02362,2765,120
515,WALTHAM URGENT CARE,9 HOPE AVENUE,WALTHAM,MA,2453,617-243-5591,64379.49448,2770,121
516,EAST BOSTON NEIGHBORHOOD HEALTH CENTER URGENT CARE,10 GOVE STREET,BOSTON,MA,2128,617-567-3600,66327.96533,2775,122
517,FONTAINE MEDICAL CENTER,525 LONG POND DRIVE,HARWICH,MA,2645,508-432-4100,68276.43619,2780,123
518,CONCENTRA URGENT CARE - GREENFIELD,489 BERNARDSTON ROAD,GREENFIELD,MA,1301,413-772-5055,70224.90705,2785,124
519,CONCENTRA URGENT CARE - SPRINGFIELD,140 CARANDO DRIVE,SPRINGFIELD,MA,1104,413-746-4006,72173.3779,2790,125
520,GENERAL HEALTH CARE,66 SOUTH WASHINGTON STREET,NORTH ATTLEBORO,MA,2760,508-643-0100,74121.84876,2795,126
521,RIVER BEND MEDICAL GROUP - CHICOPEE OFFICE - URGENT CARE,444 MONTGOMERY STREET,CHICOPEE,MA,1020,413-594-3111,76070.31962,2800,127
522,FAMILY DOCTORS,250 PARADISE ROAD,SWAMPSCOTT,MA,1907,781-596-4150,78018.79048,2805,128
523,ON CALL URGENT CARE CENTER,51 LOCUST STREET,NORTHAMPTON,MA,1060,413-584-7425,79967.26133,2810,129
524,HAWTHORN MEDICAL URGENT CARE CENTER,237 STATE ROAD,NORTH DARTMOUTH,MA,2747,508-961-0861,81915.73219,2815,130
525,CONCENTRA URGENT CARE - EAST BOSTON,1 HARBORSIDE DRIVE,EAST BOSTON,MA,2128,617-568-6500,83864.20305,2820,131
526,ROUTE 44 MEDICAL WALK-IN,106 UNITED STATES HIGHWAY 44,RAYNHAM,MA,2767,508-824-1476,85812.6739,2825,132
527,FALLON CLINIC URGENT CARE,630 PLANTATION STREET,WORCESTER,MA,1605,508-595-2505,87761.14476,2830,133
528,FALMOUTH WALK IN MEDICAL CENTER,309 TEATICKET HIGHWAY,TEATICKET,MA,2536,508-540-6790,89709.61562,2835,134
529,PROMPT CARE WALK-IN CLINIC,170 GOVERNORS AVENUE,MEDFORD,MA,2155,781-306-6180,91658.08648,2840,135
530,PRIMA CARE / SOMERSET SWANSEA WALK IN CARE CENTER,67 GRAND ARMY OF THE REPUBLIC HIGHWAY,SOMERSET,MA,2726,508-678-5631,93606.55733,2845,136
