UserFirstName,UserLastName,Roles,PhoneNo
ENKESHAFI,ARDALAN,Owner,8572341795
KHALIL,RASHID,Suppplier,8572341796
GIRARDI,DAVID,Owner,8572341797
WEIGAND,FREDERICK,Suppplier,8572341798
SEMONCHE,AMANDA,Owner,8572341799
HERNANDEZ,OTNIEL,Suppplier,8572341800
LOHANO,JAIVANTI,Owner,8572341801
STELLINGWORTH,MARK,Suppplier,8572341802
VIGGIANELLI,MICHAEL,Owner,8572341803
STEVENS,CHARLES,Suppplier,8572341804
KANTER,DAVID,Owner,8572341805
JONES,JACLYN,Suppplier,8572341806
SAHA,LUCILLE,Owner,8572341807
SRINIVASAN,LAKSHMI,Suppplier,8572341808
HOPKINS,PATRICIA,Owner,8572341809
IGLESIAS,NAYVIS,Suppplier,8572341810
GIBSON,AMY,Owner,8572341811
HAMMAN,DANIEL,Suppplier,8572341812
SANTIAGO,CYNTHIA,Owner,8572341813
WOODWORTH REED,NATALIE,Suppplier,8572341814
NORDAHL,GWEN,Owner,8572341815
RUITER,TODD,Suppplier,8572341816
RIGGLE,ERIN,Owner,8572341817
DARNELL,BEVERLY,Suppplier,8572341818
STAGGERS,MISTI,Owner,8572341819
FETTMAN,NICHOLAS,Suppplier,8572341820
PADRO-GUZMAN,JESUEL,Owner,8572341821
OKETOKUN,ADEFOLAJU,Suppplier,8572341822
DOUGLAS-LEWIS,YVETTE,Owner,8572341823
LEASURE,EMILY,Suppplier,8572341824
RUSH,MICHELLE,Owner,8572341825
QUINONEZ,ALNER,Suppplier,8572341826
MAREEDU,JYOTSNA,Owner,8572341827
RULE,CINDI,Suppplier,8572341828
FARRAR,DAVID,Owner,8572341829
GUPTA,MAMTA,Suppplier,8572341830
FEREIDOUNI,SAM,Owner,8572341831
GINN,MICHAELA,Suppplier,8572341832
UZOWULU,OBINNA,Owner,8572341833
MOGHISSI,ETIE,Suppplier,8572341834
MILLER,CAROLYN,Owner,8572341835
SOWAH,LEONARD,Suppplier,8572341836
BERNAL,JUAN,Owner,8572341837
HOLMES,WILLIAM,Suppplier,8572341838
CHIRUMAMILLA,RADHA,Owner,8572341839
BURKE,RYNN,Suppplier,8572341840
HINSON,JANELLE,Owner,8572341841
LEE,ALISIA,Suppplier,8572341842
MOHLER,TROY,Owner,8572341843
MARINKOVICH,RITA,Suppplier,8572341844
NOLEN,JAMES,Owner,8572341845
WOODS-GRIMM,SERENA,Suppplier,8572341846
DUNN,GRACE,Owner,8572341847
STOUGH,JAMES,Suppplier,8572341848
VANDONGEN,DANIQUE,Owner,8572341849
EGAR,JOHN,Suppplier,8572341850
HUDAK,DANIEL,Owner,8572341851
STONE,JENNIFER,Suppplier,8572341852
SHAYA,WISSAM,Owner,8572341853
RAMASWAMY,RAVISHANKAR,Suppplier,8572341854
BURGART,JENNIFER,Owner,8572341855
STEWART,RICHARD,Suppplier,8572341856
CHOW,LING SING,Owner,8572341857
BRINDLEY,MACE,Suppplier,8572341858
CRONIN,JERI,Owner,8572341859
BIERDEN,REBECCA,Suppplier,8572341860
HATCHETTE,ANDREA,Owner,8572341861
KOSHY,ANOOPA,Suppplier,8572341862
ARTHUR,KRISTINE,Owner,8572341863
BAJAJ,BHAVANDEEP,Suppplier,8572341864
BIRKY,JOHN,Owner,8572341865
RAY,ALAKA,Suppplier,8572341866
BLOMEIER,HERMAN,Owner,8572341867
MORRIS,MELANIE,Suppplier,8572341868
SCARFO,KEITH-AUSTIN,Owner,8572341869
NWAOGWUGWU,UZOAMAKA,Suppplier,8572341870
NUNES,WENDY,Owner,8572341871
CLAIR,CHARLES,Suppplier,8572341872
TINDOC,LORELANE,Owner,8572341873
PATEL,VIRAL,Suppplier,8572341874
MITRA,RANJANA,Owner,8572341875
MODRYKAMIEN,ARIEL,Suppplier,8572341876
LIPTAN,GINEVRA,Owner,8572341877
GANNON,LAUREN,Suppplier,8572341878
PHAN,TERESA,Owner,8572341879
LOPEZ,NICETO,Suppplier,8572341880
PATEL-RAVAL,PINECCA,Owner,8572341881
DAJANI,ASMA,Suppplier,8572341882
CORREA,ZANA,Owner,8572341883
BARROWS,RAYMOND,Suppplier,8572341884
GRABENSTEIN,WILLAIM,Owner,8572341885
OSTASZEWSKI,MARY,Suppplier,8572341886
BERRY,TIFFANY,Owner,8572341887
OSLEBER,MICHAEL,Suppplier,8572341888
HUX,FRANK,Owner,8572341889
RATCHFORD,ERIK,Suppplier,8572341890
HAGGERTY,TREAH,Owner,8572341891
BYRNE,EMILY,Suppplier,8572341892
QUINLAN,MAUREEN,Owner,8572341893
SPINALE,RICHARD,Suppplier,8572341894
Calvin,Johnson,Technician,8572341895
Harry,Cleveland,Technician,8572341896
John,Nixon,Technician,8572341897
Franklin,Jefferson,Technician,8572341898
Harry,Eisenhower,Technician,8572341899
Grover,Garfield,Technician,8572341900
Benjamin,Grant,Technician,8572341901
Harry,Hayes,Technician,8572341902
Ulysses,Buchanan,Technician,8572341903
Calvin,Coolidge,Technician,8572341904
Richard,Johnson,Technician,8572341905
Thomas,Ford,Technician,8572341906
Calvin,Johnson,Technician,8572341907
Ronald,Johnson,Technician,8572341908
Calvin,Johnson,Technician,8572341909
Chester,Monroe,Technician,8572341910
Lyndon,Harding,Technician,8572341911
Lyndon,Polk,Technician,8572341912
Dwight,Hayes,Technician,8572341913
Millard,Quincy,Technician,8572341914
Benjamin,Harrison,Technician,8572341915
Chester,Harding,Technician,8572341916
Calvin,Madison,Technician,8572341917
Calvin,Jackson,Technician,8572341918
Harry,Quincy,Technician,8572341919
Woodrow,Adams,Technician,8572341920
Andrew,Jefferson,Technician,8572341921
Harry,Ford,Technician,8572341922
Calvin,Johnson,Technician,8572341923
Benjamin,Johnson,Technician,8572341924
Herbert,Garfield,Technician,8572341925
Ronald,Wilson,Technician,8572341926
Millard,Lincoln,Technician,8572341927
George,McKinley,Technician,8572341928
Richard,Johnson,Technician,8572341929
Grover,Carter,Technician,8572341930
Benjamin,Nixon,Technician,8572341931
Rutherford,Jefferson,Technician,8572341932
Warren,Fillmore,Technician,8572341933
Chester,Jefferson,Technician,8572341934
George,Carter,Technician,8572341935
Bill,Roosevelt,Technician,8572341936
Chester,Van Buren,Technician,8572341937
Bill,Washington,Technician,8572341938
William,Harrison,Technician,8572341939
Woodrow,Hayes,Technician,8572341940
John,Monroe,Technician,8572341941
Richard,Van Buren,Technician,8572341942
Richard,Taft,Technician,8572341943
John,Jefferson,Technician,8572341944
Benjamin,Truman,Technician,8572341945
Martin,Madison,Technician,8572341946
Theodore,Roosevelt,Technician,8572341947
Ulysses,Kennedy,Technician,8572341948
Warren,Hoover,Technician,8572341949
Zachary,Roosevelt,Technician,8572341950
Richard,Jackson,Technician,8572341951
Warren,Harrison,Technician,8572341952
Ulysses,Clinton,Technician,8572341953
Warren,Coolidge,Technician,8572341954
Herbert,Quincy,Technician,8572341955
Franklin,Monroe,Technician,8572341956
Millard,Grant,Technician,8572341957
Harry,Johnson,Technician,8572341958
Andrew,Buchanan,Technician,8572341959
Andrew,Garfield,Technician,8572341960
Jimmy,Wilson,Technician,8572341961
Andrew,Pierce,Technician,8572341962
Abraham,Roosevelt,Technician,8572341963
Harry,Harrison,Technician,8572341964
Ulysses,Buchanan,Technician,8572341965
Lyndon,Coolidge,Technician,8572341966
Martin,Clinton,Technician,8572341967
Woodrow,Reagan,Technician,8572341968
Grover,Harding,Technician,8572341969
Lyndon,Wilson,Technician,8572341970
Jimmy,Eisenhower,Technician,8572341971
George,Pierce,Technician,8572341972
Jimmy,Harrison,Technician,8572341973
Rutherford,Taft,Technician,8572341974
Richard,Adams,Technician,8572341975
Lyndon,Hoover,Technician,8572341976
James,Tyler,Technician,8572341977
Dwight,Harrison,Technician,8572341978
Ulysses,Jefferson,Technician,8572341979
Ronald,Arthur,Technician,8572341980
Bill,Carter,Technician,8572341981
Chester,Fillmore,Technician,8572341982
Benjamin,Carter,Technician,8572341983
Calvin,Johnson,Technician,8572341984
Bill,Buchanan,Technician,8572341985
Warren,Clinton,Technician,8572341986
George,McKinley,Technician,8572341987
John,Hoover,Technician,8572341988
Rutherford,Arthur,Technician,8572341989
George,Washington,Technician,8572341990
Martin,Arthur,Technician,8572341991
George,Adams,Technician,8572341992
Grover,Van Buren,Technician,8572341993
Martin,Johnson,Technician,8572341994
Woodrow,Wilson,Technician,8572341995
Dwight,Clinton,Technician,8572341996
Andrew,Madison,Technician,8572341997
Dwight,Coolidge,Technician,8572341998
Millard,Van Buren,Technician,8572341999
Harry,Reagan,Technician,8572342000
Millard,Harrison,Technician,8572342001
Thomas,Carter,Technician,8572342002
Warren,Harrison,Technician,8572342003
Lyndon,Quincy,Technician,8572342004
James,Clinton,Technician,8572342005
Andrew,Hayes,Technician,8572342006
Jimmy,Tyler,Technician,8572342007
Benjamin,Truman,Technician,8572342008
Dwight,Adams,Technician,8572342009
John,Harding,Technician,8572342010
Herbert,Clinton,Technician,8572342011
Ulysses,Monroe,Technician,8572342012
Woodrow,Grant,Technician,8572342013
Millard,Polk,Technician,8572342014
Millard,Arthur,Technician,8572342015
Harry,Truman,Technician,8572342016
William,Adams,Technician,8572342017
James,Harding,Technician,8572342018
Calvin,Harding,Technician,8572342019
